split_time,window_size,time_index,true,predicted
600,4,720,16.10292167828077,9.733536
600,4,721,12.117179987580212,9.879476
600,4,722,7.455788928861908,8.011688
600,4,723,3.008793816366507,4.9760904
600,4,724,2.6948608295792322,3.1309326
600,4,725,4.659981320073661,3.1575158
600,4,726,3.8412461467171237,6.835801
600,4,727,10.117434734002787,6.770795
600,4,728,30.9102407108492,30.222595
600,4,729,60.027062165733014,84.31595
600,4,730,81.68382281646434,92.59134
600,4,731,85.79099239811111,96.127495
600,4,732,81.60361128080723,88.41438
600,4,733,54.859697023900026,76.56339
600,4,734,77.67131581876687,34.31513
600,4,735,68.87026523631549,74.02259
600,4,736,65.95050941571746,57.44161
600,4,737,74.11777660523147,53.826653
600,4,738,64.46068607713846,66.83673
600,4,739,67.17866945257892,49.777573
600,4,740,64.43705277277921,55.968918
600,4,741,40.85701814529398,50.655598
600,4,742,23.351330822130986,25.73095
600,4,743,15.6822902538816,12.446392
600,4,744,10.67331843110258,9.62836
600,4,745,5.295227921343972,6.1400266
600,4,746,4.046383169212787,3.9718847
600,4,747,3.538074619258871,3.3925545
600,4,748,2.86200035324648,3.5903647
600,4,749,4.973968325325566,5.8369436
600,4,750,13.803104572110756,8.163383
600,4,751,48.82405206050172,45.17761
600,4,752,102.64515689385853,102.35356
600,4,753,118.70003664721133,117.42196
600,4,754,117.05324486382166,121.81553
600,4,755,116.66590909516083,114.96726
600,4,756,115.81208554681743,113.332985
600,4,757,101.16786307680117,112.5718
600,4,758,90.27965390917493,98.66305
600,4,759,125.27888614586223,86.30802
600,4,760,120.41984191805632,120.29815
600,4,761,159.500744773417,116.30653
600,4,762,141.47234934190635,134.70934
600,4,763,116.9616934014005,127.719475
600,4,764,88.09251885325064,113.054726
600,4,765,48.370242705978306,82.7185
600,4,766,23.950417738415396,30.584705
600,4,767,17.32066406489374,13.348431
600,4,768,9.031440584726504,9.86845
600,4,769,9.447046184101348,5.175467
600,4,770,5.347557066846501,5.429448
600,4,771,2.810691206645175,3.991846
600,4,772,3.5487714699608257,3.277784
600,4,773,4.253960888008773,3.6610842
600,4,774,20.62312840037908,6.975733
600,4,775,42.336546267134445,57.54409
600,4,776,110.31502127798738,81.50901
600,4,777,125.16067294600482,123.421585
600,4,778,121.18646726919472,125.62794
600,4,779,101.27996274329952,118.325294
600,4,780,113.116792754394,98.650444
600,4,781,115.88309476234512,110.70277
600,4,782,114.48361181046393,112.766495
600,4,783,95.49697332689394,111.55773
600,4,784,146.31239700162575,92.28214
600,4,785,172.10736109382773,130.19861
600,4,786,149.80997607136143,138.10646
600,4,787,138.7818888341942,131.16852
600,4,788,105.38420291408255,126.33597
600,4,789,65.61422789851429,102.49063
600,4,790,34.8289792981203,47.568096
600,4,791,16.22743948615983,22.201523
600,4,792,9.177511142782219,10.09567
600,4,793,8.512044071707475,5.0701365
600,4,794,3.5065654810192135,4.939583
600,4,795,3.3892721821507505,3.2920268
600,4,796,3.7933859710263564,3.466558
600,4,797,7.315776118505666,4.8436513
600,4,798,13.103213559746912,14.231925
600,4,799,41.91125992199,46.427624
600,4,800,88.71113912756302,100.043655
600,4,801,127.19572811531565,111.01749
600,4,802,126.53292922435139,127.93619
600,4,803,133.89542064498892,121.89387
600,4,804,104.1501748728795,124.62849
600,4,805,96.74206069449727,101.3596
600,4,806,98.28987516913314,94.06532
600,4,807,112.04164679280763,96.20022
600,4,808,147.06169843279523,110.031876
600,4,809,158.9547805516578,130.49738
600,4,810,166.25876611969326,134.3846
600,4,811,128.45566151944774,136.36041
600,4,812,90.92530419319752,120.832886
600,4,813,69.73975735938404,86.1314
600,4,814,25.092841626521878,55.77504
600,4,815,24.9423698485154,14.36544
600,4,816,9.625253645363557,15.475054
600,4,817,3.7711162415777677,6.0451417
600,4,818,5.028194300697333,3.2667372
600,4,819,6.890433709680532,3.3489294
600,4,820,4.336407198412192,6.5293283
600,4,821,4.677906285966211,5.6060424
600,4,822,8.639290689231125,5.351125
600,4,823,43.768438059518104,16.845873
600,4,824,86.02524448292311,98.84065
600,4,825,106.29399523232007,105.008026
600,4,826,117.12908287039497,112.32737
600,4,827,110.17267194907323,115.58982
600,4,828,111.24495354768891,107.88557
600,4,829,98.05378351576711,108.8295
600,4,830,122.87800298085006,95.36547
600,4,831,110.19861052904375,118.451454
600,4,832,132.63660208632086,107.61129
600,4,833,149.4902371647061,124.031296
600,4,834,144.74700073967236,131.05118
600,4,835,118.31165571074979,129.13649
600,4,836,71.95967674806452,114.08984
600,4,837,67.78996457406771,57.93846
600,4,838,25.82615915106504,54.47786
600,4,839,15.735405638791306,14.935788
600,4,840,15.294842557936182,9.804377
600,4,841,10.874154599170064,9.163474
600,4,842,5.372695909355419,6.6731186
600,4,843,5.288241949793007,4.1464643
600,4,844,4.374651064246168,3.8289738
600,4,845,7.022369885672561,3.812421
600,4,846,14.08561008190915,9.768123
600,4,847,62.478084413152146,47.5571
600,4,848,131.44919048527868,115.64988
600,4,849,152.99259714570607,130.78198
600,4,850,149.20910349901953,138.5555
600,4,851,136.6442142606044,131.8939
600,4,852,159.83927253877303,125.340775
600,4,853,143.29342831102338,134.435
600,4,854,128.02917940120085,128.41295
600,4,855,130.47963083736818,120.70853
600,4,856,131.81227775412847,122.20926
600,4,857,166.83803687446812,122.97529
600,4,858,152.61467905091988,136.54134
600,4,859,93.68364059838132,132.02359
600,4,860,102.68376273451622,89.20188
600,4,861,62.09778011376978,101.04148
600,4,862,39.954866694509334,41.320396
600,4,863,24.640262427469192,25.476418
600,4,864,11.913271197487717,14.00826
600,4,865,5.158953482612746,7.911907
600,4,866,8.93738243906578,3.7639134
600,4,867,3.6136596892129877,4.886483
600,4,868,2.0094794159857754,3.426198
600,4,869,7.212571813505685,3.399127
600,4,870,12.186642375898256,7.441518
600,4,871,18.059587433441877,39.992176
600,4,872,48.74991938549001,54.71102
600,4,873,91.54426983021273,101.64865
600,4,874,122.42454893092952,111.72977
600,4,875,139.06830268511428,124.54768
600,4,876,98.02955233560152,128.64816
600,4,877,94.17747389047338,94.79562
600,4,878,88.21892239061249,91.30746
600,4,879,72.94336431555628,83.97964
600,4,880,119.09836962738915,61.559135
600,4,881,106.92219390767539,117.229866
600,4,882,106.55556313720496,105.13255
600,4,883,106.17576364819416,104.997185
600,4,884,77.31937905214562,104.141365
600,4,885,55.77885998811705,67.40756
600,4,886,24.606380459524903,35.148014
600,4,887,24.337903481234346,13.834678
600,12,720,16.10292167828077,11.814227
600,12,721,12.117179987580212,11.889705
600,12,722,7.455788928861908,8.051588
600,12,723,3.008793816366507,3.448417
600,12,724,2.6948608295792322,3.8836532
600,12,725,4.659981320073661,2.6541672
600,12,726,3.8412461467171237,8.853885
600,12,727,10.117434734002787,11.957433
600,12,728,30.9102407108492,29.807976
600,12,729,60.027062165733014,79.02577
600,12,730,81.68382281646434,102.03889
600,12,731,85.79099239811111,103.080666
600,12,732,81.60361128080723,99.227646
600,12,733,54.859697023900026,91.01463
600,12,734,77.67131581876687,61.808033
600,12,735,68.87026523631549,84.61519
600,12,736,65.95050941571746,78.29896
600,12,737,74.11777660523147,76.60981
600,12,738,64.46068607713846,84.32191
600,12,739,67.17866945257892,68.819405
600,12,740,64.43705277277921,61.068504
600,12,741,40.85701814529398,53.655643
600,12,742,23.351330822130986,27.332434
600,12,743,15.6822902538816,15.194948
600,12,744,10.67331843110258,12.037416
600,12,745,5.295227921343972,6.8030143
600,12,746,4.046383169212787,4.5178437
600,12,747,3.538074619258871,3.722783
600,12,748,2.86200035324648,2.6461086
600,12,749,4.973968325325566,7.593175
600,12,750,13.803104572110756,12.138676
600,12,751,48.82405206050172,39.850407
600,12,752,102.64515689385853,102.55839
600,12,753,118.70003664721133,115.00062
600,12,754,117.05324486382166,119.43747
600,12,755,116.66590909516083,116.23531
600,12,756,115.81208554681743,110.25471
600,12,757,101.16786307680117,103.66548
600,12,758,90.27965390917493,101.16812
600,12,759,125.27888614586223,98.53148
600,12,760,120.41984191805632,127.462074
600,12,761,159.500744773417,124.97778
600,12,762,141.47234934190635,143.95285
600,12,763,116.9616934014005,129.16302
600,12,764,88.09251885325064,109.0958
600,12,765,48.370242705978306,75.45358
600,12,766,23.950417738415396,27.153578
600,12,767,17.32066406489374,14.640303
600,12,768,9.031440584726504,10.283276
600,12,769,9.447046184101348,4.5585356
600,12,770,5.347557066846501,4.5602283
600,12,771,2.810691206645175,4.0283346
600,12,772,3.5487714699608257,3.2546751
600,12,773,4.253960888008773,7.6811576
600,12,774,20.62312840037908,11.81293
600,12,775,42.336546267134445,50.975746
600,12,776,110.31502127798738,85.52223
600,12,777,125.16067294600482,111.6763
600,12,778,121.18646726919472,117.13172
600,12,779,101.27996274329952,113.73929
600,12,780,113.116792754394,100.51611
600,12,781,115.88309476234512,98.792465
600,12,782,114.48361181046393,106.77955
600,12,783,95.49697332689394,111.716095
600,12,784,146.31239700162575,100.85242
600,12,785,172.10736109382773,138.70853
600,12,786,149.80997607136143,145.5687
600,12,787,138.7818888341942,133.9487
600,12,788,105.38420291408255,126.46295
600,12,789,65.61422789851429,96.36085
600,12,790,34.8289792981203,40.535564
600,12,791,16.22743948615983,21.544296
600,12,792,9.177511142782219,10.561647
600,12,793,8.512044071707475,5.3157234
600,12,794,3.5065654810192135,3.6264381
600,12,795,3.3892721821507505,4.15855
600,12,796,3.7933859710263564,3.2384238
600,12,797,7.315776118505666,9.21063
600,12,798,13.103213559746912,14.980437
600,12,799,41.91125992199,38.552204
600,12,800,88.71113912756302,93.29101
600,12,801,127.19572811531565,112.021515
600,12,802,126.53292922435139,124.114334
600,12,803,133.89542064498892,123.12482
600,12,804,104.1501748728795,120.462715
600,12,805,96.74206069449727,101.630226
600,12,806,98.28987516913314,99.203224
600,12,807,112.04164679280763,104.478325
600,12,808,147.06169843279523,115.8309
600,12,809,158.9547805516578,140.05392
600,12,810,166.25876611969326,142.07138
600,12,811,128.45566151944774,142.79738
600,12,812,90.92530419319752,118.40532
600,12,813,69.73975735938404,78.29059
600,12,814,25.092841626521878,47.08039
600,12,815,24.9423698485154,16.122665
600,12,816,9.625253645363557,13.078518
600,12,817,3.7711162415777677,6.2268457
600,12,818,5.028194300697333,6.287148
600,12,819,6.890433709680532,4.576149
600,12,820,4.336407198412192,7.1617804
600,12,821,4.677906285966211,10.40613
600,12,822,8.639290689231125,12.299117
600,12,823,43.768438059518104,23.705908
600,12,824,86.02524448292311,99.5234
600,12,825,106.29399523232007,114.8297
600,12,826,117.12908287039497,118.11112
600,12,827,110.17267194907323,119.95708
600,12,828,111.24495354768891,113.57897
600,12,829,98.05378351576711,105.915596
600,12,830,122.87800298085006,98.581245
600,12,831,110.19861052904375,116.44918
600,12,832,132.63660208632086,114.39714
600,12,833,149.4902371647061,134.63474
600,12,834,144.74700073967236,141.10954
600,12,835,118.31165571074979,131.6745
600,12,836,71.95967674806452,110.682655
600,12,837,67.78996457406771,48.77636
600,12,838,25.82615915106504,47.78974
600,12,839,15.735405638791306,16.89783
600,12,840,15.294842557936182,10.08645
600,12,841,10.874154599170064,10.819026
600,12,842,5.372695909355419,6.5131984
600,12,843,5.288241949793007,4.5102143
600,12,844,4.374651064246168,3.2617948
600,12,845,7.022369885672561,6.5585756
600,12,846,14.08561008190915,11.979279
600,12,847,62.478084413152146,38.946568
600,12,848,131.44919048527868,107.7436
600,12,849,152.99259714570607,129.11096
600,12,850,149.20910349901953,137.21959
600,12,851,136.6442142606044,134.2734
600,12,852,159.83927253877303,125.34794
600,12,853,143.29342831102338,124.35411
600,12,854,128.02917940120085,116.88239
600,12,855,130.47963083736818,117.00442
600,12,856,131.81227775412847,125.86388
600,12,857,166.83803687446812,128.69855
600,12,858,152.61467905091988,145.82828
600,12,859,93.68364059838132,134.64151
600,12,860,102.68376273451622,80.20343
600,12,861,62.09778011376978,95.01925
600,12,862,39.954866694509334,33.766582
600,12,863,24.640262427469192,23.992493
600,12,864,11.913271197487717,14.655007
600,12,865,5.158953482612746,7.5429225
600,12,866,8.93738243906578,5.529066
600,12,867,3.6136596892129877,3.6839447
600,12,868,2.0094794159857754,4.557901
600,12,869,7.212571813505685,4.1042767
600,12,870,12.186642375898256,11.399975
600,12,871,18.059587433441877,33.038197
600,12,872,48.74991938549001,52.019478
600,12,873,91.54426983021273,96.57889
600,12,874,122.42454893092952,109.140144
600,12,875,139.06830268511428,120.50777
600,12,876,98.02955233560152,124.2502
600,12,877,94.17747389047338,102.56437
600,12,878,88.21892239061249,91.81722
600,12,879,72.94336431555628,93.9841
600,12,880,119.09836962738915,83.74732
600,12,881,106.92219390767539,119.623314
600,12,882,106.55556313720496,110.306015
600,12,883,106.17576364819416,108.31814
600,12,884,77.31937905214562,100.45734
600,12,885,55.77885998811705,62.613064
600,12,886,24.606380459524903,34.722206
600,12,887,24.337903481234346,16.50845
600,24,720,16.10292167828077,8.437728
600,24,721,12.117179987580212,6.7403517
600,24,722,7.455788928861908,9.572785
600,24,723,3.008793816366507,3.1596742
600,24,724,2.6948608295792322,1.141957
600,24,725,4.659981320073661,2.3882172
600,24,726,3.8412461467171237,6.253224
600,24,727,10.117434734002787,9.115494
600,24,728,30.9102407108492,32.1124
600,24,729,60.027062165733014,74.43151
600,24,730,81.68382281646434,101.45614
600,24,731,85.79099239811111,100.49598
600,24,732,81.60361128080723,96.79319
600,24,733,54.859697023900026,87.73541
600,24,734,77.67131581876687,49.09773
600,24,735,68.87026523631549,78.00882
600,24,736,65.95050941571746,61.96807
600,24,737,74.11777660523147,56.604218
600,24,738,64.46068607713846,65.48564
600,24,739,67.17866945257892,50.82631
600,24,740,64.43705277277921,53.443943
600,24,741,40.85701814529398,48.507717
600,24,742,23.351330822130986,27.017372
600,24,743,15.6822902538816,12.4144125
600,24,744,10.67331843110258,8.027467
600,24,745,5.295227921343972,7.563207
600,24,746,4.046383169212787,2.1821818
600,24,747,3.538074619258871,1.2002131
600,24,748,2.86200035324648,3.3276908
600,24,749,4.973968325325566,5.203282
600,24,750,13.803104572110756,7.783249
600,24,751,48.82405206050172,45.093136
600,24,752,102.64515689385853,104.23914
600,24,753,118.70003664721133,115.02616
600,24,754,117.05324486382166,118.420815
600,24,755,116.66590909516083,116.93869
600,24,756,115.81208554681743,115.52081
600,24,757,101.16786307680117,115.0306
600,24,758,90.27965390917493,106.152405
600,24,759,125.27888614586223,92.540184
600,24,760,120.41984191805632,119.37773
600,24,761,159.500744773417,117.216705
600,24,762,141.47234934190635,136.65033
600,24,763,116.9616934014005,129.36902
600,24,764,88.09251885325064,115.343285
600,24,765,48.370242705978306,80.11795
600,24,766,23.950417738415396,31.978046
600,24,767,17.32066406489374,13.471653
600,24,768,9.031440584726504,8.625202
600,24,769,9.447046184101348,6.757245
600,24,770,5.347557066846501,4.936605
600,24,771,2.810691206645175,2.8762958
600,24,772,3.5487714699608257,3.1569176
600,24,773,4.253960888008773,5.6177177
600,24,774,20.62312840037908,10.129528
600,24,775,42.336546267134445,48.238503
600,24,776,110.31502127798738,84.10588
600,24,777,125.16067294600482,115.01827
600,24,778,121.18646726919472,120.87127
600,24,779,101.27996274329952,119.56067
600,24,780,113.116792754394,110.304
600,24,781,115.88309476234512,114.59925
600,24,782,114.48361181046393,116.27822
600,24,783,95.49697332689394,115.579285
600,24,784,146.31239700162575,96.28362
600,24,785,172.10736109382773,131.22908
600,24,786,149.80997607136143,141.24774
600,24,787,138.7818888341942,133.75404
600,24,788,105.38420291408255,128.44525
600,24,789,65.61422789851429,105.27837
600,24,790,34.8289792981203,50.4822
600,24,791,16.22743948615983,22.94774
600,24,792,9.177511142782219,9.310141
600,24,793,8.512044071707475,6.364762
600,24,794,3.5065654810192135,4.2033277
600,24,795,3.3892721821507505,2.734839
600,24,796,3.7933859710263564,2.5010607
600,24,797,7.315776118505666,5.488979
600,24,798,13.103213559746912,12.39533
600,24,799,41.91125992199,40.188725
600,24,800,88.71113912756302,90.49872
600,24,801,127.19572811531565,109.23524
600,24,802,126.53292922435139,119.752525
600,24,803,133.89542064498892,119.264946
600,24,804,104.1501748728795,122.02401
600,24,805,96.74206069449727,109.90384
600,24,806,98.28987516913314,102.06657
600,24,807,112.04164679280763,101.34479
600,24,808,147.06169843279523,109.40569
600,24,809,158.9547805516578,130.10715
600,24,810,166.25876611969326,135.48587
600,24,811,128.45566151944774,138.08215
600,24,812,90.92530419319752,121.81995
600,24,813,69.73975735938404,83.68577
600,24,814,25.092841626521878,56.484943
600,24,815,24.9423698485154,12.500482
600,24,816,9.625253645363557,13.76924
600,24,817,3.7711162415777677,8.379767
600,24,818,5.028194300697333,5.2579412
600,24,819,6.890433709680532,1.7502179
600,24,820,4.336407198412192,3.8982801
600,24,821,4.677906285966211,6.6384544
600,24,822,8.639290689231125,10.264409
600,24,823,43.768438059518104,24.584923
600,24,824,86.02524448292311,99.43416
600,24,825,106.29399523232007,109.45109
600,24,826,117.12908287039497,114.289406
600,24,827,110.17267194907323,116.92888
600,24,828,111.24495354768891,113.50165
600,24,829,98.05378351576711,112.03639
600,24,830,122.87800298085006,103.24377
600,24,831,110.19861052904375,117.038414
600,24,832,132.63660208632086,110.08043
600,24,833,149.4902371647061,123.8672
600,24,834,144.74700073967236,132.7452
600,24,835,118.31165571074979,130.93382
600,24,836,71.95967674806452,116.32811
600,24,837,67.78996457406771,59.857403
600,24,838,25.82615915106504,54.188896
600,24,839,15.735405638791306,13.933863
600,24,840,15.294842557936182,7.699194
600,24,841,10.874154599170064,6.361862
600,24,842,5.372695909355419,8.65201
600,24,843,5.288241949793007,3.29976
600,24,844,4.374651064246168,2.591311
600,24,845,7.022369885672561,4.9469643
600,24,846,14.08561008190915,12.681005
600,24,847,62.478084413152146,43.152225
600,24,848,131.44919048527868,108.1917
600,24,849,152.99259714570607,123.21863
600,24,850,149.20910349901953,128.02791
600,24,851,136.6442142606044,126.56214
600,24,852,159.83927253877303,121.862915
600,24,853,143.29342831102338,130.57832
600,24,854,128.02917940120085,125.14973
600,24,855,130.47963083736818,118.060875
600,24,856,131.81227775412847,120.09665
600,24,857,166.83803687446812,121.48788
600,24,858,152.61467905091988,136.51855
600,24,859,93.68364059838132,132.54776
600,24,860,102.68376273451622,91.26642
600,24,861,62.09778011376978,102.61675
600,24,862,39.954866694509334,47.537785
600,24,863,24.640262427469192,27.941257
600,24,864,11.913271197487717,14.736671
600,24,865,5.158953482612746,9.808206
600,24,866,8.93738243906578,5.6998334
600,24,867,3.6136596892129877,3.9843283
600,24,868,2.0094794159857754,3.2088094
600,24,869,7.212571813505685,4.701013
600,24,870,12.186642375898256,8.082659
600,24,871,18.059587433441877,31.818932
600,24,872,48.74991938549001,48.931213
600,24,873,91.54426983021273,93.35848
600,24,874,122.42454893092952,108.11808
600,24,875,139.06830268511428,116.91835
600,24,876,98.02955233560152,122.51749
600,24,877,94.17747389047338,105.56535
600,24,878,88.21892239061249,99.85881
600,24,879,72.94336431555628,90.50815
600,24,880,119.09836962738915,68.96331
600,24,881,106.92219390767539,111.72894
600,24,882,106.55556313720496,104.31463
600,24,883,106.17576364819416,104.52411
600,24,884,77.31937905214562,103.75989
600,24,885,55.77885998811705,66.106186
600,24,886,24.606380459524903,37.232418
600,24,887,24.337903481234346,11.961629
600,48,720,16.10292167828077,11.274517
600,48,721,12.117179987580212,9.628094
600,48,722,7.455788928861908,7.1007967
600,48,723,3.008793816366507,4.227418
600,48,724,2.6948608295792322,3.5473287
600,48,725,4.659981320073661,3.090465
600,48,726,3.8412461467171237,6.9308815
600,48,727,10.117434734002787,11.116296
600,48,728,30.9102407108492,30.485905
600,48,729,60.027062165733014,79.57226
600,48,730,81.68382281646434,95.99339
600,48,731,85.79099239811111,94.85336
600,48,732,81.60361128080723,92.52381
600,48,733,54.859697023900026,85.89388
600,48,734,77.67131581876687,50.98916
600,48,735,68.87026523631549,80.2343
600,48,736,65.95050941571746,64.56333
600,48,737,74.11777660523147,58.215515
600,48,738,64.46068607713846,66.41143
600,48,739,67.17866945257892,49.762474
600,48,740,64.43705277277921,52.605865
600,48,741,40.85701814529398,46.452797
600,48,742,23.351330822130986,27.691883
600,48,743,15.6822902538816,15.852719
600,48,744,10.67331843110258,10.785836
600,48,745,5.295227921343972,7.352531
600,48,746,4.046383169212787,4.515314
600,48,747,3.538074619258871,4.1179123
600,48,748,2.86200035324648,4.0898743
600,48,749,4.973968325325566,7.530761
600,48,750,13.803104572110756,10.948717
600,48,751,48.82405206050172,43.627205
600,48,752,102.64515689385853,103.13492
600,48,753,118.70003664721133,113.354996
600,48,754,117.05324486382166,118.472626
600,48,755,116.66590909516083,116.42177
600,48,756,115.81208554681743,115.38289
600,48,757,101.16786307680117,113.78956
600,48,758,90.27965390917493,101.204155
600,48,759,125.27888614586223,88.54981
600,48,760,120.41984191805632,117.010025
600,48,761,159.500744773417,111.08522
600,48,762,141.47234934190635,131.28047
600,48,763,116.9616934014005,121.23227
600,48,764,88.09251885325064,101.77123
600,48,765,48.370242705978306,70.65143
600,48,766,23.950417738415396,27.527847
600,48,767,17.32066406489374,14.056789
600,48,768,9.031440584726504,9.670454
600,48,769,9.447046184101348,6.005645
600,48,770,5.347557066846501,3.9574027
600,48,771,2.810691206645175,2.9657066
600,48,772,3.5487714699608257,3.2361448
600,48,773,4.253960888008773,6.092697
600,48,774,20.62312840037908,10.097063
600,48,775,42.336546267134445,56.490047
600,48,776,110.31502127798738,88.30099
600,48,777,125.16067294600482,118.874886
600,48,778,121.18646726919472,121.98679
600,48,779,101.27996274329952,118.73262
600,48,780,113.116792754394,103.334236
600,48,781,115.88309476234512,111.897255
600,48,782,114.48361181046393,112.07981
600,48,783,95.49697332689394,109.4476
600,48,784,146.31239700162575,89.18355
600,48,785,172.10736109382773,126.65598
600,48,786,149.80997607136143,135.44221
600,48,787,138.7818888341942,125.120804
600,48,788,105.38420291408255,117.31462
600,48,789,65.61422789851429,88.40533
600,48,790,34.8289792981203,38.136826
600,48,791,16.22743948615983,20.13721
600,48,792,9.177511142782219,9.928381
600,48,793,8.512044071707475,5.601752
600,48,794,3.5065654810192135,3.9634287
600,48,795,3.3892721821507505,3.1276226
600,48,796,3.7933859710263564,2.2514224
600,48,797,7.315776118505666,6.641382
600,48,798,13.103213559746912,12.191492
600,48,799,41.91125992199,41.87969
600,48,800,88.71113912756302,96.100204
600,48,801,127.19572811531565,107.16922
600,48,802,126.53292922435139,125.26002
600,48,803,133.89542064498892,123.386505
600,48,804,104.1501748728795,126.854034
600,48,805,96.74206069449727,105.999306
600,48,806,98.28987516913314,98.97296
600,48,807,112.04164679280763,98.74027
600,48,808,147.06169843279523,108.46736
600,48,809,158.9547805516578,127.90761
600,48,810,166.25876611969326,131.65788
600,48,811,128.45566151944774,133.56604
600,48,812,90.92530419319752,112.93614
600,48,813,69.73975735938404,76.33216
600,48,814,25.092841626521878,48.21583
600,48,815,24.9423698485154,14.484567
600,48,816,9.625253645363557,12.656903
600,48,817,3.7711162415777677,7.002324
600,48,818,5.028194300697333,3.6304057
600,48,819,6.890433709680532,3.6883295
600,48,820,4.336407198412192,2.1048546
600,48,821,4.677906285966211,7.9057274
600,48,822,8.639290689231125,10.220408
600,48,823,43.768438059518104,25.748575
600,48,824,86.02524448292311,102.81537
600,48,825,106.29399523232007,106.34558
600,48,826,117.12908287039497,112.30693
600,48,827,110.17267194907323,118.18208
600,48,828,111.24495354768891,112.133026
600,48,829,98.05378351576711,111.98266
600,48,830,122.87800298085006,99.928505
600,48,831,110.19861052904375,117.73593
600,48,832,132.63660208632086,106.94146
600,48,833,149.4902371647061,120.760086
600,48,834,144.74700073967236,127.86295
600,48,835,118.31165571074979,124.45128
600,48,836,71.95967674806452,104.82733
600,48,837,67.78996457406771,50.973545
600,48,838,25.82615915106504,47.06531
600,48,839,15.735405638791306,15.296578
600,48,840,15.294842557936182,9.452021
600,48,841,10.874154599170064,7.4974775
600,48,842,5.372695909355419,5.647278
600,48,843,5.288241949793007,3.03151
600,48,844,4.374651064246168,2.7450562
600,48,845,7.022369885672561,4.9611034
600,48,846,14.08561008190915,10.225254
600,48,847,62.478084413152146,41.648197
600,48,848,131.44919048527868,112.80096
600,48,849,152.99259714570607,130.30238
600,48,850,149.20910349901953,138.31126
600,48,851,136.6442142606044,135.44612
600,48,852,159.83927253877303,128.97115
600,48,853,143.29342831102338,138.93338
600,48,854,128.02917940120085,130.7183
600,48,855,130.47963083736818,121.68238
600,48,856,131.81227775412847,122.16678
600,48,857,166.83803687446812,121.67547
600,48,858,152.61467905091988,136.70552
600,48,859,93.68364059838132,129.69597
600,48,860,102.68376273451622,84.975266
600,48,861,62.09778011376978,94.5061
600,48,862,39.954866694509334,40.094624
600,48,863,24.640262427469192,26.165476
600,48,864,11.913271197487717,14.613068
600,48,865,5.158953482612746,8.221364
600,48,866,8.93738243906578,4.268968
600,48,867,3.6136596892129877,3.4365237
600,48,868,2.0094794159857754,3.580469
600,48,869,7.212571813505685,4.4046283
600,48,870,12.186642375898256,7.871646
600,48,871,18.059587433441877,35.1719
600,48,872,48.74991938549001,53.7646
600,48,873,91.54426983021273,97.634705
600,48,874,122.42454893092952,106.37923
600,48,875,139.06830268511428,121.99993
600,48,876,98.02955233560152,129.75558
600,48,877,94.17747389047338,101.1393
600,48,878,88.21892239061249,97.091064
600,48,879,72.94336431555628,89.31387
600,48,880,119.09836962738915,68.99415
600,48,881,106.92219390767539,113.26911
600,48,882,106.55556313720496,100.62879
600,48,883,106.17576364819416,98.471565
600,48,884,77.31937905214562,96.020584
600,48,885,55.77885998811705,60.077713
600,48,886,24.606380459524903,31.584532
600,48,887,24.337903481234346,14.983833
600,72,720,16.10292167828077,12.878856
600,72,721,12.117179987580212,9.391761
600,72,722,7.455788928861908,7.5404143
600,72,723,3.008793816366507,3.6656804
600,72,724,2.6948608295792322,3.0404158
600,72,725,4.659981320073661,4.00972
600,72,726,3.8412461467171237,7.5254464
600,72,727,10.117434734002787,10.242347
600,72,728,30.9102407108492,37.076523
600,72,729,60.027062165733014,80.95736
600,72,730,81.68382281646434,97.92562
600,72,731,85.79099239811111,98.6111
600,72,732,81.60361128080723,97.43768
600,72,733,54.859697023900026,91.636734
600,72,734,77.67131581876687,63.72332
600,72,735,68.87026523631549,80.924446
600,72,736,65.95050941571746,69.41883
600,72,737,74.11777660523147,63.445347
600,72,738,64.46068607713846,67.371544
600,72,739,67.17866945257892,55.593884
600,72,740,64.43705277277921,55.37768
600,72,741,40.85701814529398,50.07394
600,72,742,23.351330822130986,25.450008
600,72,743,15.6822902538816,11.892678
600,72,744,10.67331843110258,7.335443
600,72,745,5.295227921343972,4.7900715
600,72,746,4.046383169212787,3.9168186
600,72,747,3.538074619258871,2.3663766
600,72,748,2.86200035324648,4.0717416
600,72,749,4.973968325325566,6.1329985
600,72,750,13.803104572110756,10.5636425
600,72,751,48.82405206050172,47.432762
600,72,752,102.64515689385853,104.31201
600,72,753,118.70003664721133,112.33239
600,72,754,117.05324486382166,116.86014
600,72,755,116.66590909516083,115.37675
600,72,756,115.81208554681743,113.94278
600,72,757,101.16786307680117,111.79969
600,72,758,90.27965390917493,99.67069
600,72,759,125.27888614586223,88.093834
600,72,760,120.41984191805632,115.54907
600,72,761,159.500744773417,110.55014
600,72,762,141.47234934190635,128.88649
600,72,763,116.9616934014005,117.529594
600,72,764,88.09251885325064,100.303604
600,72,765,48.370242705978306,69.33006
600,72,766,23.950417738415396,23.307804
600,72,767,17.32066406489374,11.596178
600,72,768,9.031440584726504,7.9340825
600,72,769,9.447046184101348,5.757607
600,72,770,5.347557066846501,3.3094087
600,72,771,2.810691206645175,3.346593
600,72,772,3.5487714699608257,4.3946614
600,72,773,4.253960888008773,6.2616696
600,72,774,20.62312840037908,10.379506
600,72,775,42.336546267134445,56.347496
600,72,776,110.31502127798738,86.299164
600,72,777,125.16067294600482,116.77083
600,72,778,121.18646726919472,121.30536
600,72,779,101.27996274329952,118.09425
600,72,780,113.116792754394,103.56823
600,72,781,115.88309476234512,110.21438
600,72,782,114.48361181046393,111.43468
600,72,783,95.49697332689394,109.10983
600,72,784,146.31239700162575,89.86705
600,72,785,172.10736109382773,126.81236
600,72,786,149.80997607136143,131.3963
600,72,787,138.7818888341942,119.54538
600,72,788,105.38420291408255,112.069275
600,72,789,65.61422789851429,86.84976
600,72,790,34.8289792981203,37.225586
600,72,791,16.22743948615983,14.747063
600,72,792,9.177511142782219,8.824039
600,72,793,8.512044071707475,6.4464397
600,72,794,3.5065654810192135,4.443199
600,72,795,3.3892721821507505,4.4588633
600,72,796,3.7933859710263564,4.6396246
600,72,797,7.315776118505666,7.3004193
600,72,798,13.103213559746912,12.1673565
600,72,799,41.91125992199,42.488155
600,72,800,88.71113912756302,95.191246
600,72,801,127.19572811531565,109.89416
600,72,802,126.53292922435139,124.17948
600,72,803,133.89542064498892,123.243286
600,72,804,104.1501748728795,126.97029
600,72,805,96.74206069449727,105.286095
600,72,806,98.28987516913314,97.36109
600,72,807,112.04164679280763,96.8573
600,72,808,147.06169843279523,107.37105
600,72,809,158.9547805516578,129.80214
600,72,810,166.25876611969326,131.10915
600,72,811,128.45566151944774,129.49286
600,72,812,90.92530419319752,109.24876
600,72,813,69.73975735938404,73.84023
600,72,814,25.092841626521878,44.848633
600,72,815,24.9423698485154,12.644302
600,72,816,9.625253645363557,14.135498
600,72,817,3.7711162415777677,7.2006593
600,72,818,5.028194300697333,3.9336243
600,72,819,6.890433709680532,2.6310244
600,72,820,4.336407198412192,4.421944
600,72,821,4.677906285966211,8.637059
600,72,822,8.639290689231125,11.332934
600,72,823,43.768438059518104,24.298779
600,72,824,86.02524448292311,103.81224
600,72,825,106.29399523232007,109.71091
600,72,826,117.12908287039497,115.02552
600,72,827,110.17267194907323,120.78012
600,72,828,111.24495354768891,115.302895
600,72,829,98.05378351576711,114.3859
600,72,830,122.87800298085006,102.41621
600,72,831,110.19861052904375,119.02873
600,72,832,132.63660208632086,107.37843
600,72,833,149.4902371647061,123.28171
600,72,834,144.74700073967236,129.60225
600,72,835,118.31165571074979,124.16337
600,72,836,71.95967674806452,105.97388
600,72,837,67.78996457406771,54.01892
600,72,838,25.82615915106504,46.28523
600,72,839,15.735405638791306,17.436096
600,72,840,15.294842557936182,9.502504
600,72,841,10.874154599170064,8.852143
600,72,842,5.372695909355419,6.7576475
600,72,843,5.288241949793007,3.7321813
600,72,844,4.374651064246168,2.7763107
600,72,845,7.022369885672561,5.5846224
600,72,846,14.08561008190915,8.95787
600,72,847,62.478084413152146,41.97485
600,72,848,131.44919048527868,114.78988
600,72,849,152.99259714570607,129.42863
600,72,850,149.20910349901953,137.193
600,72,851,136.6442142606044,135.65414
600,72,852,159.83927253877303,129.22202
600,72,853,143.29342831102338,139.23175
600,72,854,128.02917940120085,130.91208
600,72,855,130.47963083736818,121.15576
600,72,856,131.81227775412847,122.138214
600,72,857,166.83803687446812,121.74077
600,72,858,152.61467905091988,135.06342
600,72,859,93.68364059838132,126.64697
600,72,860,102.68376273451622,80.86331
600,72,861,62.09778011376978,91.04018
600,72,862,39.954866694509334,36.420437
600,72,863,24.640262427469192,21.351768
600,72,864,11.913271197487717,14.3256855
600,72,865,5.158953482612746,7.748041
600,72,866,8.93738243906578,5.35892
600,72,867,3.6136596892129877,2.3478665
600,72,868,2.0094794159857754,5.260099
600,72,869,7.212571813505685,6.1455107
600,72,870,12.186642375898256,10.059668
600,72,871,18.059587433441877,36.316734
600,72,872,48.74991938549001,52.22685
600,72,873,91.54426983021273,98.79879
600,72,874,122.42454893092952,110.32335
600,72,875,139.06830268511428,122.05553
600,72,876,98.02955233560152,130.07309
600,72,877,94.17747389047338,101.88965
600,72,878,88.21892239061249,96.38664
600,72,879,72.94336431555628,88.72677
600,72,880,119.09836962738915,73.12969
600,72,881,106.92219390767539,110.526146
600,72,882,106.55556313720496,98.42939
600,72,883,106.17576364819416,96.6612
600,72,884,77.31937905214562,94.92996
600,72,885,55.77885998811705,62.761845
600,72,886,24.606380459524903,39.401455
600,72,887,24.337903481234346,18.773043
600,100,720,16.10292167828077,10.356771
600,100,721,12.117179987580212,5.941664
600,100,722,7.455788928861908,3.897541
600,100,723,3.008793816366507,4.7277384
600,100,724,2.6948608295792322,2.2669249
600,100,725,4.659981320073661,2.0317667
600,100,726,3.8412461467171237,5.3686194
600,100,727,10.117434734002787,9.686431
600,100,728,30.9102407108492,31.735945
600,100,729,60.027062165733014,71.36115
600,100,730,81.68382281646434,103.4714
600,100,731,85.79099239811111,106.022644
600,100,732,81.60361128080723,106.018745
600,100,733,54.859697023900026,104.47787
600,100,734,77.67131581876687,64.52288
600,100,735,68.87026523631549,96.27646
600,100,736,65.95050941571746,76.88965
600,100,737,74.11777660523147,68.33108
600,100,738,64.46068607713846,75.23224
600,100,739,67.17866945257892,55.5731
600,100,740,64.43705277277921,55.588158
600,100,741,40.85701814529398,46.999413
600,100,742,23.351330822130986,27.775646
600,100,743,15.6822902538816,18.479437
600,100,744,10.67331843110258,10.7754345
600,100,745,5.295227921343972,7.006656
600,100,746,4.046383169212787,4.8552146
600,100,747,3.538074619258871,2.0525568
600,100,748,2.86200035324648,3.027063
600,100,749,4.973968325325566,5.8932266
600,100,750,13.803104572110756,9.462106
600,100,751,48.82405206050172,42.83423
600,100,752,102.64515689385853,102.749596
600,100,753,118.70003664721133,112.00236
600,100,754,117.05324486382166,114.093056
600,100,755,116.66590909516083,113.49667
600,100,756,115.81208554681743,113.7693
600,100,757,101.16786307680117,114.04167
600,100,758,90.27965390917493,110.197876
600,100,759,125.27888614586223,99.57699
600,100,760,120.41984191805632,119.82497
600,100,761,159.500744773417,118.89879
600,100,762,141.47234934190635,128.96394
600,100,763,116.9616934014005,125.43661
600,100,764,88.09251885325064,99.91765
600,100,765,48.370242705978306,61.98402
600,100,766,23.950417738415396,24.49931
600,100,767,17.32066406489374,13.548565
600,100,768,9.031440584726504,7.994317
600,100,769,9.447046184101348,5.072432
600,100,770,5.347557066846501,3.3514254
600,100,771,2.810691206645175,3.4199588
600,100,772,3.5487714699608257,3.4950488
600,100,773,4.253960888008773,5.136894
600,100,774,20.62312840037908,9.042969
600,100,775,42.336546267134445,49.971245
600,100,776,110.31502127798738,96.56652
600,100,777,125.16067294600482,114.64462
600,100,778,121.18646726919472,116.03125
600,100,779,101.27996274329952,114.8623
600,100,780,113.116792754394,109.24742
600,100,781,115.88309476234512,113.763084
600,100,782,114.48361181046393,115.280594
600,100,783,95.49697332689394,115.66736
600,100,784,146.31239700162575,100.54991
600,100,785,172.10736109382773,125.89723
600,100,786,149.80997607136143,131.15166
600,100,787,138.7818888341942,127.27748
600,100,788,105.38420291408255,121.00955
600,100,789,65.61422789851429,84.20503
600,100,790,34.8289792981203,34.245598
600,100,791,16.22743948615983,18.630516
600,100,792,9.177511142782219,8.640622
600,100,793,8.512044071707475,6.1259856
600,100,794,3.5065654810192135,4.1958265
600,100,795,3.3892721821507505,3.4240477
600,100,796,3.7933859710263564,3.256213
600,100,797,7.315776118505666,5.9999695
600,100,798,13.103213559746912,13.833261
600,100,799,41.91125992199,40.815784
600,100,800,88.71113912756302,100.15572
600,100,801,127.19572811531565,110.26709
600,100,802,126.53292922435139,118.192604
600,100,803,133.89542064498892,117.477844
600,100,804,104.1501748728795,119.564186
600,100,805,96.74206069449727,111.36079
600,100,806,98.28987516913314,109.644936
600,100,807,112.04164679280763,111.100296
600,100,808,147.06169843279523,116.50866
600,100,809,158.9547805516578,126.481544
600,100,810,166.25876611969326,129.31287
600,100,811,128.45566151944774,131.04886
600,100,812,90.92530419319752,112.65021
600,100,813,69.73975735938404,67.29346
600,100,814,25.092841626521878,37.954117
600,100,815,24.9423698485154,14.912975
600,100,816,9.625253645363557,14.295787
600,100,817,3.7711162415777677,6.143295
600,100,818,5.028194300697333,4.1047444
600,100,819,6.890433709680532,1.9381754
600,100,820,4.336407198412192,4.8924794
600,100,821,4.677906285966211,7.6464825
600,100,822,8.639290689231125,9.809124
600,100,823,43.768438059518104,25.125467
600,100,824,86.02524448292311,102.00085
600,100,825,106.29399523232007,107.869675
600,100,826,117.12908287039497,111.17157
600,100,827,110.17267194907323,114.0718
600,100,828,111.24495354768891,112.27915
600,100,829,98.05378351576711,113.21066
600,100,830,122.87800298085006,109.53932
600,100,831,110.19861052904375,118.39527
600,100,832,132.63660208632086,115.16862
600,100,833,149.4902371647061,122.52351
600,100,834,144.74700073967236,127.013306
600,100,835,118.31165571074979,126.396286
600,100,836,71.95967674806452,103.90983
600,100,837,67.78996457406771,43.529545
600,100,838,25.82615915106504,37.111187
600,100,839,15.735405638791306,14.883584
600,100,840,15.294842557936182,8.071416
600,100,841,10.874154599170064,5.1012864
600,100,842,5.372695909355419,3.8926356
600,100,843,5.288241949793007,3.4963183
600,100,844,4.374651064246168,2.3908787
600,100,845,7.022369885672561,4.335993
600,100,846,14.08561008190915,8.999621
600,100,847,62.478084413152146,37.664345
600,100,848,131.44919048527868,109.49248
600,100,849,152.99259714570607,120.938126
600,100,850,149.20910349901953,124.016205
600,100,851,136.6442142606044,123.042206
600,100,852,159.83927253877303,120.34851
600,100,853,143.29342831102338,125.84858
600,100,854,128.02917940120085,122.71477
600,100,855,130.47963083736818,119.59161
600,100,856,131.81227775412847,121.054985
600,100,857,166.83803687446812,122.089645
600,100,858,152.61467905091988,130.31589
600,100,859,93.68364059838132,127.931335
600,100,860,102.68376273451622,70.70021
600,100,861,62.09778011376978,78.093056
600,100,862,39.954866694509334,29.792904
600,100,863,24.640262427469192,13.571673
600,100,864,11.913271197487717,3.7049644
600,100,865,5.158953482612746,2.1737568
600,100,866,8.93738243906578,2.0013325
600,100,867,3.6136596892129877,1.3913624
600,100,868,2.0094794159857754,2.8060012
600,100,869,7.212571813505685,3.5426848
600,100,870,12.186642375898256,8.827674
600,100,871,18.059587433441877,34.496876
600,100,872,48.74991938549001,43.488556
600,100,873,91.54426983021273,100.20361
600,100,874,122.42454893092952,112.3429
600,100,875,139.06830268511428,118.89663
600,100,876,98.02955233560152,122.645
600,100,877,94.17747389047338,110.82524
600,100,878,88.21892239061249,110.17524
600,100,879,72.94336431555628,101.5717
600,100,880,119.09836962738915,75.81028
600,100,881,106.92219390767539,120.45014
600,100,882,106.55556313720496,106.511795
600,100,883,106.17576364819416,100.54139
600,100,884,77.31937905214562,94.41636
600,100,885,55.77885998811705,52.88475
600,100,886,24.606380459524903,30.629885
600,100,887,24.337903481234346,16.513336
500,4,720,16.10292167828077,13.66494
500,4,721,12.117179987580212,15.959935
500,4,722,7.455788928861908,14.440748
500,4,723,3.008793816366507,7.253884
500,4,724,2.6948608295792322,1.283653
500,4,725,4.659981320073661,4.2777495
500,4,726,3.8412461467171237,7.459198
500,4,727,10.117434734002787,7.489861
500,4,728,30.9102407108492,29.391497
500,4,729,60.027062165733014,82.45281
500,4,730,81.68382281646434,98.14354
500,4,731,85.79099239811111,96.84254
500,4,732,81.60361128080723,88.05281
500,4,733,54.859697023900026,75.087105
500,4,734,77.67131581876687,39.447357
500,4,735,68.87026523631549,69.69812
500,4,736,65.95050941571746,59.394
500,4,737,74.11777660523147,57.50737
500,4,738,64.46068607713846,65.027534
500,4,739,67.17866945257892,54.083073
500,4,740,64.43705277277921,58.08308
500,4,741,40.85701814529398,54.416286
500,4,742,23.351330822130986,26.638258
500,4,743,15.6822902538816,10.591812
500,4,744,10.67331843110258,12.276143
500,4,745,5.295227921343972,9.919165
500,4,746,4.046383169212787,2.6756139
500,4,747,3.538074619258871,3.600473
500,4,748,2.86200035324648,5.3232064
500,4,749,4.973968325325566,6.212654
500,4,750,13.803104572110756,9.465715
500,4,751,48.82405206050172,42.72816
500,4,752,102.64515689385853,104.09932
500,4,753,118.70003664721133,119.57687
500,4,754,117.05324486382166,123.05033
500,4,755,116.66590909516083,112.54184
500,4,756,115.81208554681743,108.473755
500,4,757,101.16786307680117,107.60964
500,4,758,90.27965390917493,94.33392
500,4,759,125.27888614586223,82.64929
500,4,760,120.41984191805632,115.23071
500,4,761,159.500744773417,111.50394
500,4,762,141.47234934190635,134.21687
500,4,763,116.9616934014005,124.84641
500,4,764,88.09251885325064,108.51025
500,4,765,48.370242705978306,79.93896
500,4,766,23.950417738415396,27.424686
500,4,767,17.32066406489374,6.571734
500,4,768,9.031440584726504,12.346651
500,4,769,9.447046184101348,6.2488704
500,4,770,5.347557066846501,10.772676
500,4,771,2.810691206645175,4.4841304
500,4,772,3.5487714699608257,3.8872726
500,4,773,4.253960888008773,6.050148
500,4,774,20.62312840037908,7.832705
500,4,775,42.336546267134445,61.070026
500,4,776,110.31502127798738,87.51268
500,4,777,125.16067294600482,123.52392
500,4,778,121.18646726919472,126.34616
500,4,779,101.27996274329952,116.9058
500,4,780,113.116792754394,94.49009
500,4,781,115.88309476234512,105.47952
500,4,782,114.48361181046393,107.70761
500,4,783,95.49697332689394,106.717636
500,4,784,146.31239700162575,88.46304
500,4,785,172.10736109382773,127.96917
500,4,786,149.80997607136143,136.69186
500,4,787,138.7818888341942,129.52942
500,4,788,105.38420291408255,123.54391
500,4,789,65.61422789851429,98.40666
500,4,790,34.8289792981203,48.241356
500,4,791,16.22743948615983,16.52771
500,4,792,9.177511142782219,7.17188
500,4,793,8.512044071707475,4.991445
500,4,794,3.5065654810192135,8.044279
500,4,795,3.3892721821507505,2.0256557
500,4,796,3.7933859710263564,5.1677203
500,4,797,7.315776118505666,6.4794273
500,4,798,13.103213559746912,16.249292
500,4,799,41.91125992199,41.064625
500,4,800,88.71113912756302,96.857086
500,4,801,127.19572811531565,112.84693
500,4,802,126.53292922435139,128.47058
500,4,803,133.89542064498892,120.92786
500,4,804,104.1501748728795,121.012245
500,4,805,96.74206069449727,97.130226
500,4,806,98.28987516913314,89.807526
500,4,807,112.04164679280763,91.48898
500,4,808,147.06169843279523,104.838135
500,4,809,158.9547805516578,128.40088
500,4,810,166.25876611969326,133.64624
500,4,811,128.45566151944774,133.05682
500,4,812,90.92530419319752,116.91151
500,4,813,69.73975735938404,83.32615
500,4,814,25.092841626521878,54.868435
500,4,815,24.9423698485154,4.7746205
500,4,816,9.625253645363557,20.631084
500,4,817,3.7711162415777677,5.099179
500,4,818,5.028194300697333,-0.8634761
500,4,819,6.890433709680532,4.0092206
500,4,820,4.336407198412192,10.738872
500,4,821,4.677906285966211,7.152756
500,4,822,8.639290689231125,7.7968044
500,4,823,43.768438059518104,20.333563
500,4,824,86.02524448292311,101.34375
500,4,825,106.29399523232007,111.54306
500,4,826,117.12908287039497,114.38885
500,4,827,110.17267194907323,113.88009
500,4,828,111.24495354768891,103.437355
500,4,829,98.05378351576711,103.92641
500,4,830,122.87800298085006,91.17414
500,4,831,110.19861052904375,113.37437
500,4,832,132.63660208632086,102.907036
500,4,833,149.4902371647061,120.11679
500,4,834,144.74700073967236,129.18387
500,4,835,118.31165571074979,126.78287
500,4,836,71.95967674806452,109.500374
500,4,837,67.78996457406771,58.260643
500,4,838,25.82615915106504,53.071808
500,4,839,15.735405638791306,6.9482985
500,4,840,15.294842557936182,9.755458
500,4,841,10.874154599170064,14.956768
500,4,842,5.372695909355419,12.442255
500,4,843,5.288241949793007,3.8766398
500,4,844,4.374651064246168,5.471093
500,4,845,7.022369885672561,5.7737446
500,4,846,14.08561008190915,13.291997
500,4,847,62.478084413152146,43.957897
500,4,848,131.44919048527868,116.613045
500,4,849,152.99259714570607,134.84253
500,4,850,149.20910349901953,140.0041
500,4,851,136.6442142606044,130.80836
500,4,852,159.83927253877303,122.18779
500,4,853,143.29342831102338,131.25676
500,4,854,128.02917940120085,125.915184
500,4,855,130.47963083736818,116.6976
500,4,856,131.81227775412847,118.40807
500,4,857,166.83803687446812,119.17884
500,4,858,152.61467905091988,134.03644
500,4,859,93.68364059838132,129.94458
500,4,860,102.68376273451622,86.37999
500,4,861,62.09778011376978,96.11096
500,4,862,39.954866694509334,44.902534
500,4,863,24.640262427469192,22.970442
500,4,864,11.913271197487717,11.675649
500,4,865,5.158953482612746,7.573156
500,4,866,8.93738243906578,-0.023938715
500,4,867,3.6136596892129877,10.400375
500,4,868,2.0094794159857754,3.5517023
500,4,869,7.212571813505685,4.3066673
500,4,870,12.186642375898256,10.905615
500,4,871,18.059587433441877,36.890648
500,4,872,48.74991938549001,51.987885
500,4,873,91.54426983021273,98.60661
500,4,874,122.42454893092952,109.22076
500,4,875,139.06830268511428,125.026085
500,4,876,98.02955233560152,127.41297
500,4,877,94.17747389047338,91.47214
500,4,878,88.21892239061249,87.11424
500,4,879,72.94336431555628,80.22673
500,4,880,119.09836962738915,60.302055
500,4,881,106.92219390767539,111.64479
500,4,882,106.55556313720496,100.94676
500,4,883,106.17576364819416,100.91309
500,4,884,77.31937905214562,99.2552
500,4,885,55.77885998811705,66.22266
500,4,886,24.606380459524903,38.80147
500,4,887,24.337903481234346,6.6389427
500,12,720,16.10292167828077,12.2353735
500,12,721,12.117179987580212,15.471095
500,12,722,7.455788928861908,10.480576
500,12,723,3.008793816366507,6.079973
500,12,724,2.6948608295792322,4.5718536
500,12,725,4.659981320073661,2.9566157
500,12,726,3.8412461467171237,6.7065
500,12,727,10.117434734002787,11.038598
500,12,728,30.9102407108492,28.022516
500,12,729,60.027062165733014,84.67785
500,12,730,81.68382281646434,107.54018
500,12,731,85.79099239811111,110.110725
500,12,732,81.60361128080723,101.51137
500,12,733,54.859697023900026,93.48509
500,12,734,77.67131581876687,72.04905
500,12,735,68.87026523631549,86.74179
500,12,736,65.95050941571746,76.42088
500,12,737,74.11777660523147,72.93214
500,12,738,64.46068607713846,79.2942
500,12,739,67.17866945257892,71.96071
500,12,740,64.43705277277921,67.72367
500,12,741,40.85701814529398,61.2463
500,12,742,23.351330822130986,30.308378
500,12,743,15.6822902538816,12.830612
500,12,744,10.67331843110258,11.508751
500,12,745,5.295227921343972,8.899446
500,12,746,4.046383169212787,5.3014903
500,12,747,3.538074619258871,2.5888534
500,12,748,2.86200035324648,3.3543065
500,12,749,4.973968325325566,5.5789113
500,12,750,13.803104572110756,11.381914
500,12,751,48.82405206050172,42.431065
500,12,752,102.64515689385853,104.56594
500,12,753,118.70003664721133,116.71139
500,12,754,117.05324486382166,115.4711
500,12,755,116.66590909516083,113.09709
500,12,756,115.81208554681743,111.28402
500,12,757,101.16786307680117,109.926414
500,12,758,90.27965390917493,101.11228
500,12,759,125.27888614586223,94.53503
500,12,760,120.41984191805632,118.46423
500,12,761,159.500744773417,114.3664
500,12,762,141.47234934190635,143.15427
500,12,763,116.9616934014005,126.84663
500,12,764,88.09251885325064,106.38951
500,12,765,48.370242705978306,75.11293
500,12,766,23.950417738415396,26.985554
500,12,767,17.32066406489374,12.883441
500,12,768,9.031440584726504,8.560989
500,12,769,9.447046184101348,6.262876
500,12,770,5.347557066846501,4.926267
500,12,771,2.810691206645175,5.918185
500,12,772,3.5487714699608257,4.7029376
500,12,773,4.253960888008773,5.6363716
500,12,774,20.62312840037908,10.1314
500,12,775,42.336546267134445,60.995144
500,12,776,110.31502127798738,100.15731
500,12,777,125.16067294600482,118.94132
500,12,778,121.18646726919472,116.45112
500,12,779,101.27996274329952,111.36186
500,12,780,113.116792754394,100.778625
500,12,781,115.88309476234512,106.9066
500,12,782,114.48361181046393,108.11876
500,12,783,95.49697332689394,107.63278
500,12,784,146.31239700162575,96.75143
500,12,785,172.10736109382773,133.22647
500,12,786,149.80997607136143,146.7264
500,12,787,138.7818888341942,131.64085
500,12,788,105.38420291408255,123.25446
500,12,789,65.61422789851429,93.63166
500,12,790,34.8289792981203,42.699005
500,12,791,16.22743948615983,17.379932
500,12,792,9.177511142782219,10.346593
500,12,793,8.512044071707475,5.7327824
500,12,794,3.5065654810192135,4.629302
500,12,795,3.3892721821507505,6.307791
500,12,796,3.7933859710263564,4.8249187
500,12,797,7.315776118505666,7.0018096
500,12,798,13.103213559746912,13.435979
500,12,799,41.91125992199,36.817204
500,12,800,88.71113912756302,99.32462
500,12,801,127.19572811531565,113.4585
500,12,802,126.53292922435139,115.6711
500,12,803,133.89542064498892,113.56498
500,12,804,104.1501748728795,114.6539
500,12,805,96.74206069449727,102.581535
500,12,806,98.28987516913314,98.88958
500,12,807,112.04164679280763,98.81217
500,12,808,147.06169843279523,106.8251
500,12,809,158.9547805516578,128.6164
500,12,810,166.25876611969326,139.90553
500,12,811,128.45566151944774,142.10709
500,12,812,90.92530419319752,114.5123
500,12,813,69.73975735938404,77.065475
500,12,814,25.092841626521878,50.687195
500,12,815,24.9423698485154,15.727941
500,12,816,9.625253645363557,13.651278
500,12,817,3.7711162415777677,8.787902
500,12,818,5.028194300697333,6.20119
500,12,819,6.890433709680532,3.668587
500,12,820,4.336407198412192,6.74863
500,12,821,4.677906285966211,8.402168
500,12,822,8.639290689231125,9.264556
500,12,823,43.768438059518104,22.104038
500,12,824,86.02524448292311,102.702965
500,12,825,106.29399523232007,114.64766
500,12,826,117.12908287039497,113.69029
500,12,827,110.17267194907323,114.10382
500,12,828,111.24495354768891,109.66267
500,12,829,98.05378351576711,109.038414
500,12,830,122.87800298085006,100.378525
500,12,831,110.19861052904375,114.05257
500,12,832,132.63660208632086,106.312515
500,12,833,149.4902371647061,124.83961
500,12,834,144.74700073967236,137.91962
500,12,835,118.31165571074979,130.10507
500,12,836,71.95967674806452,107.3747
500,12,837,67.78996457406771,51.2123
500,12,838,25.82615915106504,50.852974
500,12,839,15.735405638791306,15.880573
500,12,840,15.294842557936182,10.16884
500,12,841,10.874154599170064,13.252108
500,12,842,5.372695909355419,8.41838
500,12,843,5.288241949793007,6.2454014
500,12,844,4.374651064246168,3.878492
500,12,845,7.022369885672561,5.6684675
500,12,846,14.08561008190915,9.479626
500,12,847,62.478084413152146,33.684277
500,12,848,131.44919048527868,108.006836
500,12,849,152.99259714570607,115.87627
500,12,850,149.20910349901953,113.977135
500,12,851,136.6442142606044,112.78123
500,12,852,159.83927253877303,111.97832
500,12,853,143.29342831102338,118.54718
500,12,854,128.02917940120085,116.27234
500,12,855,130.47963083736818,115.10703
500,12,856,131.81227775412847,118.45667
500,12,857,166.83803687446812,122.70929
500,12,858,152.61467905091988,147.85687
500,12,859,93.68364059838132,129.76927
500,12,860,102.68376273451622,76.38687
500,12,861,62.09778011376978,93.728546
500,12,862,39.954866694509334,37.75557
500,12,863,24.640262427469192,19.58418
500,12,864,11.913271197487717,11.7541
500,12,865,5.158953482612746,8.466808
500,12,866,8.93738243906578,6.0326934
500,12,867,3.6136596892129877,4.941544
500,12,868,2.0094794159857754,7.617341
500,12,869,7.212571813505685,4.1925178
500,12,870,12.186642375898256,10.221486
500,12,871,18.059587433441877,33.23906
500,12,872,48.74991938549001,49.7078
500,12,873,91.54426983021273,100.13548
500,12,874,122.42454893092952,111.83688
500,12,875,139.06830268511428,113.91864
500,12,876,98.02955233560152,114.54355
500,12,877,94.17747389047338,97.978294
500,12,878,88.21892239061249,96.15311
500,12,879,72.94336431555628,91.306435
500,12,880,119.09836962738915,79.454605
500,12,881,106.92219390767539,110.029915
500,12,882,106.55556313720496,102.78772
500,12,883,106.17576364819416,109.71945
500,12,884,77.31937905214562,103.13943
500,12,885,55.77885998811705,64.78494
500,12,886,24.606380459524903,38.085247
500,12,887,24.337903481234346,14.850543
500,24,720,16.10292167828077,11.026578
500,24,721,12.117179987580212,6.934321
500,24,722,7.455788928861908,6.1287894
500,24,723,3.008793816366507,5.5349154
500,24,724,2.6948608295792322,6.2683992
500,24,725,4.659981320073661,6.4168053
500,24,726,3.8412461467171237,8.148088
500,24,727,10.117434734002787,13.230249
500,24,728,30.9102407108492,29.665808
500,24,729,60.027062165733014,80.73402
500,24,730,81.68382281646434,93.00792
500,24,731,85.79099239811111,93.53429
500,24,732,81.60361128080723,90.16872
500,24,733,54.859697023900026,83.295044
500,24,734,77.67131581876687,46.20234
500,24,735,68.87026523631549,80.6976
500,24,736,65.95050941571746,66.94772
500,24,737,74.11777660523147,63.28214
500,24,738,64.46068607713846,74.267685
500,24,739,67.17866945257892,60.207634
500,24,740,64.43705277277921,64.57698
500,24,741,40.85701814529398,59.85242
500,24,742,23.351330822130986,24.98776
500,24,743,15.6822902538816,15.688329
500,24,744,10.67331843110258,8.4460535
500,24,745,5.295227921343972,6.5824814
500,24,746,4.046383169212787,7.213644
500,24,747,3.538074619258871,6.169486
500,24,748,2.86200035324648,7.5678167
500,24,749,4.973968325325566,9.281024
500,24,750,13.803104572110756,10.7024
500,24,751,48.82405206050172,39.48756
500,24,752,102.64515689385853,100.360405
500,24,753,118.70003664721133,116.87931
500,24,754,117.05324486382166,118.24972
500,24,755,116.66590909516083,114.94365
500,24,756,115.81208554681743,114.094986
500,24,757,101.16786307680117,113.174355
500,24,758,90.27965390917493,101.17972
500,24,759,125.27888614586223,90.76094
500,24,760,120.41984191805632,120.101944
500,24,761,159.500744773417,115.77481
500,24,762,141.47234934190635,135.73033
500,24,763,116.9616934014005,126.86191
500,24,764,88.09251885325064,111.42199
500,24,765,48.370242705978306,84.49618
500,24,766,23.950417738415396,28.57165
500,24,767,17.32066406489374,13.482963
500,24,768,9.031440584726504,6.5399756
500,24,769,9.447046184101348,5.1630034
500,24,770,5.347557066846501,3.5039194
500,24,771,2.810691206645175,5.878708
500,24,772,3.5487714699608257,6.2647753
500,24,773,4.253960888008773,9.363898
500,24,774,20.62312840037908,13.961986
500,24,775,42.336546267134445,56.68495
500,24,776,110.31502127798738,84.67152
500,24,777,125.16067294600482,121.977844
500,24,778,121.18646726919472,120.88513
500,24,779,101.27996274329952,116.27659
500,24,780,113.116792754394,100.089355
500,24,781,115.88309476234512,110.150826
500,24,782,114.48361181046393,111.625565
500,24,783,95.49697332689394,110.304214
500,24,784,146.31239700162575,93.685
500,24,785,172.10736109382773,129.22249
500,24,786,149.80997607136143,137.7804
500,24,787,138.7818888341942,128.98402
500,24,788,105.38420291408255,123.35858
500,24,789,65.61422789851429,99.606186
500,24,790,34.8289792981203,53.735016
500,24,791,16.22743948615983,18.091908
500,24,792,9.177511142782219,9.208317
500,24,793,8.512044071707475,6.001985
500,24,794,3.5065654810192135,3.9539092
500,24,795,3.3892721821507505,5.75561
500,24,796,3.7933859710263564,3.8053718
500,24,797,7.315776118505666,7.7239795
500,24,798,13.103213559746912,11.015894
500,24,799,41.91125992199,40.85584
500,24,800,88.71113912756302,95.94803
500,24,801,127.19572811531565,110.49429
500,24,802,126.53292922435139,125.820946
500,24,803,133.89542064498892,122.283325
500,24,804,104.1501748728795,125.86596
500,24,805,96.74206069449727,104.614784
500,24,806,98.28987516913314,98.40411
500,24,807,112.04164679280763,99.95243
500,24,808,147.06169843279523,111.34502
500,24,809,158.9547805516578,131.52937
500,24,810,166.25876611969326,135.60338
500,24,811,128.45566151944774,137.78375
500,24,812,90.92530419319752,119.90304
500,24,813,69.73975735938404,89.091705
500,24,814,25.092841626521878,63.5341
500,24,815,24.9423698485154,14.802504
500,24,816,9.625253645363557,11.086241
500,24,817,3.7711162415777677,5.848036
500,24,818,5.028194300697333,3.9137661
500,24,819,6.890433709680532,3.1650438
500,24,820,4.336407198412192,4.757904
500,24,821,4.677906285966211,9.655892
500,24,822,8.639290689231125,14.328946
500,24,823,43.768438059518104,24.728724
500,24,824,86.02524448292311,101.66887
500,24,825,106.29399523232007,108.55493
500,24,826,117.12908287039497,112.392845
500,24,827,110.17267194907323,117.40371
500,24,828,111.24495354768891,111.03208
500,24,829,98.05378351576711,111.67418
500,24,830,122.87800298085006,99.96091
500,24,831,110.19861052904375,119.944046
500,24,832,132.63660208632086,109.846306
500,24,833,149.4902371647061,125.12383
500,24,834,144.74700073967236,132.85277
500,24,835,118.31165571074979,130.07413
500,24,836,71.95967674806452,114.08704
500,24,837,67.78996457406771,66.70658
500,24,838,25.82615915106504,62.30079
500,24,839,15.735405638791306,14.506106
500,24,840,15.294842557936182,8.016626
500,24,841,10.874154599170064,4.891764
500,24,842,5.372695909355419,4.0484056
500,24,843,5.288241949793007,5.4053
500,24,844,4.374651064246168,4.8549385
500,24,845,7.022369885672561,9.198292
500,24,846,14.08561008190915,13.320737
500,24,847,62.478084413152146,40.83957
500,24,848,131.44919048527868,111.64826
500,24,849,152.99259714570607,130.41832
500,24,850,149.20910349901953,134.15503
500,24,851,136.6442142606044,131.27505
500,24,852,159.83927253877303,124.971176
500,24,853,143.29342831102338,135.14201
500,24,854,128.02917940120085,127.879585
500,24,855,130.47963083736818,119.88237
500,24,856,131.81227775412847,121.515144
500,24,857,166.83803687446812,122.17528
500,24,858,152.61467905091988,137.36227
500,24,859,93.68364059838132,131.6313
500,24,860,102.68376273451622,92.12499
500,24,861,62.09778011376978,101.514435
500,24,862,39.954866694509334,52.72374
500,24,863,24.640262427469192,19.685122
500,24,864,11.913271197487717,10.629053
500,24,865,5.158953482612746,6.322959
500,24,866,8.93738243906578,3.9605021
500,24,867,3.6136596892129877,3.9942899
500,24,868,2.0094794159857754,6.5573015
500,24,869,7.212571813505685,5.778297
500,24,870,12.186642375898256,7.733161
500,24,871,18.059587433441877,34.701576
500,24,872,48.74991938549001,54.48902
500,24,873,91.54426983021273,95.15202
500,24,874,122.42454893092952,106.986305
500,24,875,139.06830268511428,119.832405
500,24,876,98.02955233560152,126.63665
500,24,877,94.17747389047338,97.20245
500,24,878,88.21892239061249,94.35094
500,24,879,72.94336431555628,88.27723
500,24,880,119.09836962738915,70.41311
500,24,881,106.92219390767539,115.22725
500,24,882,106.55556313720496,104.35816
500,24,883,106.17576364819416,104.12763
500,24,884,77.31937905214562,103.61682
500,24,885,55.77885998811705,73.36177
500,24,886,24.606380459524903,43.793793
500,24,887,24.337903481234346,15.062875
500,48,720,16.10292167828077,7.279645
500,48,721,12.117179987580212,1.8699821
500,48,722,7.455788928861908,2.2770138
500,48,723,3.008793816366507,5.5735087
500,48,724,2.6948608295792322,4.245467
500,48,725,4.659981320073661,2.0430934
500,48,726,3.8412461467171237,8.475227
500,48,727,10.117434734002787,12.423776
500,48,728,30.9102407108492,32.007877
500,48,729,60.027062165733014,78.24057
500,48,730,81.68382281646434,101.69262
500,48,731,85.79099239811111,99.861565
500,48,732,81.60361128080723,95.97218
500,48,733,54.859697023900026,89.44905
500,48,734,77.67131581876687,58.482307
500,48,735,68.87026523631549,80.94721
500,48,736,65.95050941571746,62.84201
500,48,737,74.11777660523147,55.667442
500,48,738,64.46068607713846,63.645924
500,48,739,67.17866945257892,45.12579
500,48,740,64.43705277277921,47.08394
500,48,741,40.85701814529398,40.24828
500,48,742,23.351330822130986,26.394611
500,48,743,15.6822902538816,16.046452
500,48,744,10.67331843110258,7.515789
500,48,745,5.295227921343972,7.540378
500,48,746,4.046383169212787,4.476128
500,48,747,3.538074619258871,3.0383136
500,48,748,2.86200035324648,3.6264505
500,48,749,4.973968325325566,6.8970385
500,48,750,13.803104572110756,11.970027
500,48,751,48.82405206050172,43.182228
500,48,752,102.64515689385853,103.15573
500,48,753,118.70003664721133,111.540474
500,48,754,117.05324486382166,117.44367
500,48,755,116.66590909516083,115.21801
500,48,756,115.81208554681743,113.92562
500,48,757,101.16786307680117,112.179756
500,48,758,90.27965390917493,101.31692
500,48,759,125.27888614586223,89.28561
500,48,760,120.41984191805632,116.989944
500,48,761,159.500744773417,111.12194
500,48,762,141.47234934190635,130.68465
500,48,763,116.9616934014005,120.84783
500,48,764,88.09251885325064,103.21144
500,48,765,48.370242705978306,69.19291
500,48,766,23.950417738415396,25.293468
500,48,767,17.32066406489374,15.258831
500,48,768,9.031440584726504,7.272508
500,48,769,9.447046184101348,5.2364182
500,48,770,5.347557066846501,5.0275025
500,48,771,2.810691206645175,4.4257636
500,48,772,3.5487714699608257,3.1086798
500,48,773,4.253960888008773,6.008304
500,48,774,20.62312840037908,10.48154
500,48,775,42.336546267134445,53.4495
500,48,776,110.31502127798738,94.8442
500,48,777,125.16067294600482,117.2477
500,48,778,121.18646726919472,121.26286
500,48,779,101.27996274329952,118.02934
500,48,780,113.116792754394,105.021576
500,48,781,115.88309476234512,111.8976
500,48,782,114.48361181046393,112.5481
500,48,783,95.49697332689394,110.5715
500,48,784,146.31239700162575,92.74
500,48,785,172.10736109382773,128.09674
500,48,786,149.80997607136143,135.99655
500,48,787,138.7818888341942,126.08534
500,48,788,105.38420291408255,120.511734
500,48,789,65.61422789851429,92.09293
500,48,790,34.8289792981203,38.408012
500,48,791,16.22743948615983,21.209726
500,48,792,9.177511142782219,11.82459
500,48,793,8.512044071707475,5.2384505
500,48,794,3.5065654810192135,4.390014
500,48,795,3.3892721821507505,4.1052384
500,48,796,3.7933859710263564,2.262726
500,48,797,7.315776118505666,7.031545
500,48,798,13.103213559746912,12.121037
500,48,799,41.91125992199,43.67561
500,48,800,88.71113912756302,97.70267
500,48,801,127.19572811531565,110.56889
500,48,802,126.53292922435139,123.99119
500,48,803,133.89542064498892,121.65588
500,48,804,104.1501748728795,124.49323
500,48,805,96.74206069449727,106.67517
500,48,806,98.28987516913314,100.92069
500,48,807,112.04164679280763,100.629715
500,48,808,147.06169843279523,109.04303
500,48,809,158.9547805516578,127.929855
500,48,810,166.25876611969326,131.1936
500,48,811,128.45566151944774,133.0055
500,48,812,90.92530419319752,114.29431
500,48,813,69.73975735938404,76.01287
500,48,814,25.092841626521878,46.760242
500,48,815,24.9423698485154,15.537986
500,48,816,9.625253645363557,12.850562
500,48,817,3.7711162415777677,6.1122847
500,48,818,5.028194300697333,3.2704842
500,48,819,6.890433709680532,2.2895079
500,48,820,4.336407198412192,5.1757326
500,48,821,4.677906285966211,8.508089
500,48,822,8.639290689231125,10.591979
500,48,823,43.768438059518104,23.913486
500,48,824,86.02524448292311,102.281586
500,48,825,106.29399523232007,109.88058
500,48,826,117.12908287039497,113.22719
500,48,827,110.17267194907323,117.72293
500,48,828,111.24495354768891,112.36719
500,48,829,98.05378351576711,111.935295
500,48,830,122.87800298085006,101.43488
500,48,831,110.19861052904375,118.389145
500,48,832,132.63660208632086,107.80622
500,48,833,149.4902371647061,121.88977
500,48,834,144.74700073967236,128.61436
500,48,835,118.31165571074979,125.09401
500,48,836,71.95967674806452,107.74982
500,48,837,67.78996457406771,49.88845
500,48,838,25.82615915106504,44.084633
500,48,839,15.735405638791306,15.377916
500,48,840,15.294842557936182,9.177932
500,48,841,10.874154599170064,2.2159119
500,48,842,5.372695909355419,4.5436783
500,48,843,5.288241949793007,4.305745
500,48,844,4.374651064246168,3.5474365
500,48,845,7.022369885672561,6.1869855
500,48,846,14.08561008190915,10.281079
500,48,847,62.478084413152146,41.921497
500,48,848,131.44919048527868,114.11251
500,48,849,152.99259714570607,129.12935
500,48,850,149.20910349901953,134.51282
500,48,851,136.6442142606044,132.2799
500,48,852,159.83927253877303,126.66749
500,48,853,143.29342831102338,135.71739
500,48,854,128.02917940120085,127.823814
500,48,855,130.47963083736818,120.2399
500,48,856,131.81227775412847,120.766
500,48,857,166.83803687446812,120.597626
500,48,858,152.61467905091988,135.2436
500,48,859,93.68364059838132,128.26787
500,48,860,102.68376273451622,86.41908
500,48,861,62.09778011376978,96.17865
500,48,862,39.954866694509334,40.51606
500,48,863,24.640262427469192,26.522976
500,48,864,11.913271197487717,14.258803
500,48,865,5.158953482612746,7.7706113
500,48,866,8.93738243906578,3.1849813
500,48,867,3.6136596892129877,3.9500515
500,48,868,2.0094794159857754,4.5691514
500,48,869,7.212571813505685,2.7866747
500,48,870,12.186642375898256,9.271924
500,48,871,18.059587433441877,41.52703
500,48,872,48.74991938549001,51.06181
500,48,873,91.54426983021273,103.0927
500,48,874,122.42454893092952,111.52278
500,48,875,139.06830268511428,122.818115
500,48,876,98.02955233560152,128.66368
500,48,877,94.17747389047338,104.4135
500,48,878,88.21892239061249,101.08939
500,48,879,72.94336431555628,93.71669
500,48,880,119.09836962738915,71.9926
500,48,881,106.92219390767539,115.510666
500,48,882,106.55556313720496,103.735756
500,48,883,106.17576364819416,102.10815
500,48,884,77.31937905214562,99.00459
500,48,885,55.77885998811705,61.822945
500,48,886,24.606380459524903,34.5857
500,48,887,24.337903481234346,17.232271
500,72,720,16.10292167828077,9.921371
500,72,721,12.117179987580212,7.711621
500,72,722,7.455788928861908,6.3140125
500,72,723,3.008793816366507,4.7726893
500,72,724,2.6948608295792322,4.7086854
500,72,725,4.659981320073661,4.288567
500,72,726,3.8412461467171237,6.753239
500,72,727,10.117434734002787,10.410028
500,72,728,30.9102407108492,34.44746
500,72,729,60.027062165733014,83.87722
500,72,730,81.68382281646434,99.87737
500,72,731,85.79099239811111,97.22913
500,72,732,81.60361128080723,93.95858
500,72,733,54.859697023900026,88.10646
500,72,734,77.67131581876687,58.159744
500,72,735,68.87026523631549,82.9821
500,72,736,65.95050941571746,73.458046
500,72,737,74.11777660523147,66.912575
500,72,738,64.46068607713846,72.417244
500,72,739,67.17866945257892,57.603085
500,72,740,64.43705277277921,57.444637
500,72,741,40.85701814529398,50.92841
500,72,742,23.351330822130986,27.296097
500,72,743,15.6822902538816,11.295041
500,72,744,10.67331843110258,7.8239074
500,72,745,5.295227921343972,5.877695
500,72,746,4.046383169212787,3.7670326
500,72,747,3.538074619258871,3.4774835
500,72,748,2.86200035324648,5.940113
500,72,749,4.973968325325566,8.053321
500,72,750,13.803104572110756,13.454487
500,72,751,48.82405206050172,49.290268
500,72,752,102.64515689385853,105.383316
500,72,753,118.70003664721133,113.369736
500,72,754,117.05324486382166,115.35888
500,72,755,116.66590909516083,113.57927
500,72,756,115.81208554681743,113.90306
500,72,757,101.16786307680117,113.832596
500,72,758,90.27965390917493,104.769806
500,72,759,125.27888614586223,92.970665
500,72,760,120.41984191805632,118.4373
500,72,761,159.500744773417,113.24302
500,72,762,141.47234934190635,131.91397
500,72,763,116.9616934014005,118.91075
500,72,764,88.09251885325064,94.842735
500,72,765,48.370242705978306,61.03778
500,72,766,23.950417738415396,20.872211
500,72,767,17.32066406489374,13.661421
500,72,768,9.031440584726504,10.560782
500,72,769,9.447046184101348,6.6191406
500,72,770,5.347557066846501,6.4553986
500,72,771,2.810691206645175,3.6949415
500,72,772,3.5487714699608257,4.6715236
500,72,773,4.253960888008773,5.95541
500,72,774,20.62312840037908,9.501553
500,72,775,42.336546267134445,57.250942
500,72,776,110.31502127798738,89.09367
500,72,777,125.16067294600482,116.65398
500,72,778,121.18646726919472,119.532135
500,72,779,101.27996274329952,117.43215
500,72,780,113.116792754394,107.055626
500,72,781,115.88309476234512,113.77047
500,72,782,114.48361181046393,115.82872
500,72,783,95.49697332689394,115.0628
500,72,784,146.31239700162575,96.54684
500,72,785,172.10736109382773,130.02245
500,72,786,149.80997607136143,138.65948
500,72,787,138.7818888341942,125.7779
500,72,788,105.38420291408255,113.67921
500,72,789,65.61422789851429,81.2235
500,72,790,34.8289792981203,34.225742
500,72,791,16.22743948615983,15.380687
500,72,792,9.177511142782219,11.058143
500,72,793,8.512044071707475,5.584846
500,72,794,3.5065654810192135,6.936149
500,72,795,3.3892721821507505,4.0426474
500,72,796,3.7933859710263564,2.7847383
500,72,797,7.315776118505666,6.1330605
500,72,798,13.103213559746912,13.602501
500,72,799,41.91125992199,44.994392
500,72,800,88.71113912756302,98.40227
500,72,801,127.19572811531565,109.65502
500,72,802,126.53292922435139,122.28319
500,72,803,133.89542064498892,121.55878
500,72,804,104.1501748728795,125.47048
500,72,805,96.74206069449727,109.62885
500,72,806,98.28987516913314,104.72525
500,72,807,112.04164679280763,105.007256
500,72,808,147.06169843279523,113.60601
500,72,809,158.9547805516578,131.57065
500,72,810,166.25876611969326,135.70647
500,72,811,128.45566151944774,136.08553
500,72,812,90.92530419319752,111.24233
500,72,813,69.73975735938404,70.97477
500,72,814,25.092841626521878,41.304718
500,72,815,24.9423698485154,15.438968
500,72,816,9.625253645363557,12.49959
500,72,817,3.7711162415777677,5.4423594
500,72,818,5.028194300697333,3.4432662
500,72,819,6.890433709680532,1.6960379
500,72,820,4.336407198412192,2.9326797
500,72,821,4.677906285966211,6.737945
500,72,822,8.639290689231125,9.421142
500,72,823,43.768438059518104,25.118223
500,72,824,86.02524448292311,104.49969
500,72,825,106.29399523232007,109.65283
500,72,826,117.12908287039497,111.984886
500,72,827,110.17267194907323,116.15757
500,72,828,111.24495354768891,113.22533
500,72,829,98.05378351576711,114.189735
500,72,830,122.87800298085006,106.732056
500,72,831,110.19861052904375,120.8193
500,72,832,132.63660208632086,113.60573
500,72,833,149.4902371647061,125.321304
500,72,834,144.74700073967236,132.24713
500,72,835,118.31165571074979,126.76345
500,72,836,71.95967674806452,103.02788
500,72,837,67.78996457406771,48.962852
500,72,838,25.82615915106504,39.36076
500,72,839,15.735405638791306,14.5985365
500,72,840,15.294842557936182,10.152285
500,72,841,10.874154599170064,9.335743
500,72,842,5.372695909355419,6.8600917
500,72,843,5.288241949793007,3.6796813
500,72,844,4.374651064246168,2.58013
500,72,845,7.022369885672561,5.774014
500,72,846,14.08561008190915,10.975128
500,72,847,62.478084413152146,39.61507
500,72,848,131.44919048527868,111.2398
500,72,849,152.99259714570607,126.57602
500,72,850,149.20910349901953,133.65694
500,72,851,136.6442142606044,131.81995
500,72,852,159.83927253877303,125.80111
500,72,853,143.29342831102338,134.44295
500,72,854,128.02917940120085,127.640785
500,72,855,130.47963083736818,119.83851
500,72,856,131.81227775412847,120.44851
500,72,857,166.83803687446812,120.406876
500,72,858,152.61467905091988,134.0332
500,72,859,93.68364059838132,126.74709
500,72,860,102.68376273451622,74.484604
500,72,861,62.09778011376978,77.95095
500,72,862,39.954866694509334,32.170216
500,72,863,24.640262427469192,17.127682
500,72,864,11.913271197487717,11.82002
500,72,865,5.158953482612746,6.392482
500,72,866,8.93738243906578,4.4243703
500,72,867,3.6136596892129877,5.795457
500,72,868,2.0094794159857754,3.638565
500,72,869,7.212571813505685,3.7595267
500,72,870,12.186642375898256,8.40023
500,72,871,18.059587433441877,37.614464
500,72,872,48.74991938549001,45.256615
500,72,873,91.54426983021273,97.46406
500,72,874,122.42454893092952,106.225464
500,72,875,139.06830268511428,119.96568
500,72,876,98.02955233560152,127.570915
500,72,877,94.17747389047338,103.352036
500,72,878,88.21892239061249,99.94052
500,72,879,72.94336431555628,95.30419
500,72,880,119.09836962738915,79.29686
500,72,881,106.92219390767539,116.24292
500,72,882,106.55556313720496,106.64743
500,72,883,106.17576364819416,101.266754
500,72,884,77.31937905214562,95.966705
500,72,885,55.77885998811705,60.27915
500,72,886,24.606380459524903,31.959476
500,72,887,24.337903481234346,14.534227
500,100,720,16.10292167828077,8.863953
500,100,721,12.117179987580212,6.578019
500,100,722,7.455788928861908,4.641226
500,100,723,3.008793816366507,5.434504
500,100,724,2.6948608295792322,4.908648
500,100,725,4.659981320073661,1.1935862
500,100,726,3.8412461467171237,4.7592072
500,100,727,10.117434734002787,11.729106
500,100,728,30.9102407108492,34.41769
500,100,729,60.027062165733014,83.167076
500,100,730,81.68382281646434,99.86785
500,100,731,85.79099239811111,101.30303
500,100,732,81.60361128080723,101.54128
500,100,733,54.859697023900026,98.244
500,100,734,77.67131581876687,65.77979
500,100,735,68.87026523631549,91.93317
500,100,736,65.95050941571746,78.56959
500,100,737,74.11777660523147,71.96324
500,100,738,64.46068607713846,76.10143
500,100,739,67.17866945257892,60.72106
500,100,740,64.43705277277921,61.34706
500,100,741,40.85701814529398,53.68789
500,100,742,23.351330822130986,25.372425
500,100,743,15.6822902538816,12.627593
500,100,744,10.67331843110258,7.9765944
500,100,745,5.295227921343972,5.5909066
500,100,746,4.046383169212787,6.7899613
500,100,747,3.538074619258871,2.0504506
500,100,748,2.86200035324648,1.6718062
500,100,749,4.973968325325566,6.903288
500,100,750,13.803104572110756,12.807885
500,100,751,48.82405206050172,46.478035
500,100,752,102.64515689385853,104.67653
500,100,753,118.70003664721133,113.07233
500,100,754,117.05324486382166,117.61848
500,100,755,116.66590909516083,116.04494
500,100,756,115.81208554681743,114.7683
500,100,757,101.16786307680117,114.71791
500,100,758,90.27965390917493,105.36965
500,100,759,125.27888614586223,92.259445
500,100,760,120.41984191805632,121.14516
500,100,761,159.500744773417,114.937546
500,100,762,141.47234934190635,132.09329
500,100,763,116.9616934014005,119.94909
500,100,764,88.09251885325064,98.271904
500,100,765,48.370242705978306,61.745514
500,100,766,23.950417738415396,22.557125
500,100,767,17.32066406489374,11.829606
500,100,768,9.031440584726504,7.479575
500,100,769,9.447046184101348,5.180326
500,100,770,5.347557066846501,2.046171
500,100,771,2.810691206645175,3.9614468
500,100,772,3.5487714699608257,3.371921
500,100,773,4.253960888008773,4.0209203
500,100,774,20.62312840037908,9.340408
500,100,775,42.336546267134445,56.987743
500,100,776,110.31502127798738,85.766785
500,100,777,125.16067294600482,116.32315
500,100,778,121.18646726919472,120.64211
500,100,779,101.27996274329952,118.41617
500,100,780,113.116792754394,107.91776
500,100,781,115.88309476234512,114.07004
500,100,782,114.48361181046393,116.18375
500,100,783,95.49697332689394,116.11977
500,100,784,146.31239700162575,95.68137
500,100,785,172.10736109382773,130.14156
500,100,786,149.80997607136143,136.77376
500,100,787,138.7818888341942,125.44081
500,100,788,105.38420291408255,115.16465
500,100,789,65.61422789851429,84.33178
500,100,790,34.8289792981203,33.997013
500,100,791,16.22743948615983,20.224085
500,100,792,9.177511142782219,7.5052886
500,100,793,8.512044071707475,5.755642
500,100,794,3.5065654810192135,3.3196359
500,100,795,3.3892721821507505,3.523591
500,100,796,3.7933859710263564,1.7835053
500,100,797,7.315776118505666,4.850945
500,100,798,13.103213559746912,11.842587
500,100,799,41.91125992199,41.668823
500,100,800,88.71113912756302,96.84945
500,100,801,127.19572811531565,107.405876
500,100,802,126.53292922435139,121.846924
500,100,803,133.89542064498892,120.90253
500,100,804,104.1501748728795,123.44558
500,100,805,96.74206069449727,109.43514
500,100,806,98.28987516913314,103.52088
500,100,807,112.04164679280763,103.69483
500,100,808,147.06169843279523,114.76201
500,100,809,158.9547805516578,130.84013
500,100,810,166.25876611969326,134.25797
500,100,811,128.45566151944774,133.15382
500,100,812,90.92530419319752,110.765495
500,100,813,69.73975735938404,68.85937
500,100,814,25.092841626521878,37.442116
500,100,815,24.9423698485154,11.637822
500,100,816,9.625253645363557,13.16208
500,100,817,3.7711162415777677,6.444934
500,100,818,5.028194300697333,1.6581925
500,100,819,6.890433709680532,2.1804483
500,100,820,4.336407198412192,2.8274686
500,100,821,4.677906285966211,6.0081034
500,100,822,8.639290689231125,10.415337
500,100,823,43.768438059518104,27.003595
500,100,824,86.02524448292311,104.463875
500,100,825,106.29399523232007,105.77397
500,100,826,117.12908287039497,111.95764
500,100,827,110.17267194907323,116.24281
500,100,828,111.24495354768891,112.13661
500,100,829,98.05378351576711,113.107124
500,100,830,122.87800298085006,104.99231
500,100,831,110.19861052904375,120.312096
500,100,832,132.63660208632086,113.31045
500,100,833,149.4902371647061,125.5689
500,100,834,144.74700073967236,131.17287
500,100,835,118.31165571074979,125.826935
500,100,836,71.95967674806452,103.664925
500,100,837,67.78996457406771,41.15228
500,100,838,25.82615915106504,36.966095
500,100,839,15.735405638791306,13.034728
500,100,840,15.294842557936182,7.9631953
500,100,841,10.874154599170064,6.1697273
500,100,842,5.372695909355419,4.8915653
500,100,843,5.288241949793007,6.6414742
500,100,844,4.374651064246168,3.4107833
500,100,845,7.022369885672561,3.1913848
500,100,846,14.08561008190915,9.216508
500,100,847,62.478084413152146,40.17237
500,100,848,131.44919048527868,108.40074
500,100,849,152.99259714570607,125.003815
500,100,850,149.20910349901953,130.40883
500,100,851,136.6442142606044,128.21008
500,100,852,159.83927253877303,124.63126
500,100,853,143.29342831102338,132.20985
500,100,854,128.02917940120085,127.9611
500,100,855,130.47963083736818,122.5929
500,100,856,131.81227775412847,123.90336
500,100,857,166.83803687446812,122.86148
500,100,858,152.61467905091988,133.11
500,100,859,93.68364059838132,125.47124
500,100,860,102.68376273451622,73.43475
500,100,861,62.09778011376978,81.63039
500,100,862,39.954866694509334,32.889385
500,100,863,24.640262427469192,20.877548
500,100,864,11.913271197487717,12.259022
500,100,865,5.158953482612746,4.7715454
500,100,866,8.93738243906578,1.8217596
500,100,867,3.6136596892129877,0.040391274
500,100,868,2.0094794159857754,5.2575736
500,100,869,7.212571813505685,4.064402
500,100,870,12.186642375898256,7.689193
500,100,871,18.059587433441877,34.055103
500,100,872,48.74991938549001,45.859417
500,100,873,91.54426983021273,99.79648
500,100,874,122.42454893092952,108.21486
500,100,875,139.06830268511428,120.86233
500,100,876,98.02955233560152,126.7345
500,100,877,94.17747389047338,107.27808
500,100,878,88.21892239061249,103.05759
500,100,879,72.94336431555628,94.45051
500,100,880,119.09836962738915,75.525215
500,100,881,106.92219390767539,119.553825
500,100,882,106.55556313720496,105.85128
500,100,883,106.17576364819416,102.25606
500,100,884,77.31937905214562,98.40171
500,100,885,55.77885998811705,55.877758
500,100,886,24.606380459524903,26.95413
500,100,887,24.337903481234346,9.874288
400,4,720,16.10292167828077,10.2861595
400,4,721,12.117179987580212,5.760919
400,4,722,7.455788928861908,3.8792067
400,4,723,3.008793816366507,3.7545323
400,4,724,2.6948608295792322,3.5593808
400,4,725,4.659981320073661,3.1047394
400,4,726,3.8412461467171237,5.826509
400,4,727,10.117434734002787,7.546237
400,4,728,30.9102407108492,28.654593
400,4,729,60.027062165733014,85.15706
400,4,730,81.68382281646434,102.52007
400,4,731,85.79099239811111,105.10614
400,4,732,81.60361128080723,97.0881
400,4,733,54.859697023900026,79.89729
400,4,734,77.67131581876687,31.492695
400,4,735,68.87026523631549,77.33997
400,4,736,65.95050941571746,61.02773
400,4,737,74.11777660523147,58.621017
400,4,738,64.46068607713846,70.52357
400,4,739,67.17866945257892,53.752064
400,4,740,64.43705277277921,60.224747
400,4,741,40.85701814529398,54.69215
400,4,742,23.351330822130986,24.422785
400,4,743,15.6822902538816,13.28272
400,4,744,10.67331843110258,7.586144
400,4,745,5.295227921343972,3.4085891
400,4,746,4.046383169212787,4.034958
400,4,747,3.538074619258871,3.5575905
400,4,748,2.86200035324648,4.0712276
400,4,749,4.973968325325566,6.690538
400,4,750,13.803104572110756,7.394468
400,4,751,48.82405206050172,42.9303
400,4,752,102.64515689385853,103.09145
400,4,753,118.70003664721133,122.18452
400,4,754,117.05324486382166,123.836426
400,4,755,116.66590909516083,118.570564
400,4,756,115.81208554681743,114.03252
400,4,757,101.16786307680117,112.907684
400,4,758,90.27965390917493,98.23429
400,4,759,125.27888614586223,85.8228
400,4,760,120.41984191805632,122.39177
400,4,761,159.500744773417,117.71792
400,4,762,141.47234934190635,138.80891
400,4,763,116.9616934014005,127.25376
400,4,764,88.09251885325064,111.99417
400,4,765,48.370242705978306,80.810486
400,4,766,23.950417738415396,29.658699
400,4,767,17.32066406489374,14.568043
400,4,768,9.031440584726504,9.468127
400,4,769,9.447046184101348,4.882069
400,4,770,5.347557066846501,3.5299459
400,4,771,2.810691206645175,3.353437
400,4,772,3.5487714699608257,4.3132687
400,4,773,4.253960888008773,4.4300714
400,4,774,20.62312840037908,7.0827127
400,4,775,42.336546267134445,62.732594
400,4,776,110.31502127798738,90.321175
400,4,777,125.16067294600482,125.0674
400,4,778,121.18646726919472,124.72081
400,4,779,101.27996274329952,120.39764
400,4,780,113.116792754394,98.147
400,4,781,115.88309476234512,110.855415
400,4,782,114.48361181046393,113.39753
400,4,783,95.49697332689394,112.26362
400,4,784,146.31239700162575,91.78866
400,4,785,172.10736109382773,133.93579
400,4,786,149.80997607136143,142.06013
400,4,787,138.7818888341942,131.16267
400,4,788,105.38420291408255,123.58501
400,4,789,65.61422789851429,100.75936
400,4,790,34.8289792981203,45.448254
400,4,791,16.22743948615983,21.85395
400,4,792,9.177511142782219,9.641292
400,4,793,8.512044071707475,5.989113
400,4,794,3.5065654810192135,4.0868454
400,4,795,3.3892721821507505,3.653703
400,4,796,3.7933859710263564,4.093705
400,4,797,7.315776118505666,5.28192
400,4,798,13.103213559746912,13.113889
400,4,799,41.91125992199,42.629913
400,4,800,88.71113912756302,98.053185
400,4,801,127.19572811531565,116.18476
400,4,802,126.53292922435139,129.10847
400,4,803,133.89542064498892,124.47694
400,4,804,104.1501748728795,126.41927
400,4,805,96.74206069449727,100.48158
400,4,806,98.28987516913314,93.11732
400,4,807,112.04164679280763,95.88403
400,4,808,147.06169843279523,111.08636
400,4,809,158.9547805516578,134.88815
400,4,810,166.25876611969326,137.36945
400,4,811,128.45566151944774,137.60812
400,4,812,90.92530419319752,117.33047
400,4,813,69.73975735938404,83.850845
400,4,814,25.092841626521878,54.19107
400,4,815,24.9423698485154,15.47578
400,4,816,9.625253645363557,14.021426
400,4,817,3.7711162415777677,5.685577
400,4,818,5.028194300697333,4.8150153
400,4,819,6.890433709680532,2.800929
400,4,820,4.336407198412192,3.5367026
400,4,821,4.677906285966211,6.95778
400,4,822,8.639290689231125,6.3206778
400,4,823,43.768438059518104,16.167587
400,4,824,86.02524448292311,99.84803
400,4,825,106.29399523232007,115.0177
400,4,826,117.12908287039497,119.11746
400,4,827,110.17267194907323,120.273544
400,4,828,111.24495354768891,108.88335
400,4,829,98.05378351576711,109.2157
400,4,830,122.87800298085006,95.020035
400,4,831,110.19861052904375,120.01407
400,4,832,132.63660208632086,108.04144
400,4,833,149.4902371647061,126.52689
400,4,834,144.74700073967236,132.98192
400,4,835,118.31165571074979,129.53477
400,4,836,71.95967674806452,112.546196
400,4,837,67.78996457406771,55.962543
400,4,838,25.82615915106504,53.874622
400,4,839,15.735405638791306,15.569947
400,4,840,15.294842557936182,8.922126
400,4,841,10.874154599170064,6.0858965
400,4,842,5.372695909355419,3.7403612
400,4,843,5.288241949793007,3.8753636
400,4,844,4.374651064246168,3.2651863
400,4,845,7.022369885672561,4.2079053
400,4,846,14.08561008190915,7.6553373
400,4,847,62.478084413152146,45.295853
400,4,848,131.44919048527868,112.41144
400,4,849,152.99259714570607,132.37364
400,4,850,149.20910349901953,137.40598
400,4,851,136.6442142606044,133.0904
400,4,852,159.83927253877303,123.61667
400,4,853,143.29342831102338,134.41754
400,4,854,128.02917940120085,126.518974
400,4,855,130.47963083736818,118.48898
400,4,856,131.81227775412847,120.57476
400,4,857,166.83803687446812,122.39635
400,4,858,152.61467905091988,138.99075
400,4,859,93.68364059838132,131.54211
400,4,860,102.68376273451622,87.10977
400,4,861,62.09778011376978,99.69699
400,4,862,39.954866694509334,40.168037
400,4,863,24.640262427469192,24.295006
400,4,864,11.913271197487717,14.365167
400,4,865,5.158953482612746,5.333176
400,4,866,8.93738243906578,6.6141973
400,4,867,3.6136596892129877,2.54756
400,4,868,2.0094794159857754,3.7272208
400,4,869,7.212571813505685,4.373422
400,4,870,12.186642375898256,3.5231695
400,4,871,18.059587433441877,36.98719
400,4,872,48.74991938549001,57.895515
400,4,873,91.54426983021273,98.74528
400,4,874,122.42454893092952,113.46487
400,4,875,139.06830268511428,125.92938
400,4,876,98.02955233560152,131.56815
400,4,877,94.17747389047338,94.53693
400,4,878,88.21892239061249,90.36406
400,4,879,72.94336431555628,83.59161
400,4,880,119.09836962738915,62.606453
400,4,881,106.92219390767539,119.61973
400,4,882,106.55556313720496,106.56829
400,4,883,106.17576364819416,106.130264
400,4,884,77.31937905214562,104.218056
400,4,885,55.77885998811705,67.39805
400,4,886,24.606380459524903,32.255283
400,4,887,24.337903481234346,14.765066
400,12,720,16.10292167828077,8.869813
400,12,721,12.117179987580212,9.816222
400,12,722,7.455788928861908,10.354064
400,12,723,3.008793816366507,4.7671127
400,12,724,2.6948608295792322,2.7493405
400,12,725,4.659981320073661,3.9111185
400,12,726,3.8412461467171237,6.289323
400,12,727,10.117434734002787,10.056992
400,12,728,30.9102407108492,26.291054
400,12,729,60.027062165733014,83.48117
400,12,730,81.68382281646434,104.74866
400,12,731,85.79099239811111,100.33285
400,12,732,81.60361128080723,96.60462
400,12,733,54.859697023900026,90.21433
400,12,734,77.67131581876687,68.25882
400,12,735,68.87026523631549,82.15564
400,12,736,65.95050941571746,75.715065
400,12,737,74.11777660523147,73.48033
400,12,738,64.46068607713846,79.078476
400,12,739,67.17866945257892,66.43724
400,12,740,64.43705277277921,61.208218
400,12,741,40.85701814529398,55.785114
400,12,742,23.351330822130986,28.069092
400,12,743,15.6822902538816,11.137231
400,12,744,10.67331843110258,6.252934
400,12,745,5.295227921343972,6.2629566
400,12,746,4.046383169212787,2.2425938
400,12,747,3.538074619258871,0.81891304
400,12,748,2.86200035324648,2.0623493
400,12,749,4.973968325325566,5.456503
400,12,750,13.803104572110756,10.306885
400,12,751,48.82405206050172,35.61879
400,12,752,102.64515689385853,102.801765
400,12,753,118.70003664721133,116.31809
400,12,754,117.05324486382166,115.9948
400,12,755,116.66590909516083,112.80978
400,12,756,115.81208554681743,110.66698
400,12,757,101.16786307680117,108.8551
400,12,758,90.27965390917493,102.456245
400,12,759,125.27888614586223,97.34412
400,12,760,120.41984191805632,116.349045
400,12,761,159.500744773417,118.42778
400,12,762,141.47234934190635,142.81548
400,12,763,116.9616934014005,130.431
400,12,764,88.09251885325064,105.87827
400,12,765,48.370242705978306,73.31867
400,12,766,23.950417738415396,23.701624
400,12,767,17.32066406489374,14.169412
400,12,768,9.031440584726504,7.8494563
400,12,769,9.447046184101348,4.992287
400,12,770,5.347557066846501,5.5108356
400,12,771,2.810691206645175,4.0222993
400,12,772,3.5487714699608257,3.493421
400,12,773,4.253960888008773,5.112623
400,12,774,20.62312840037908,8.576973
400,12,775,42.336546267134445,52.978046
400,12,776,110.31502127798738,92.23116
400,12,777,125.16067294600482,115.16845
400,12,778,121.18646726919472,113.94995
400,12,779,101.27996274329952,110.85739
400,12,780,113.116792754394,102.51588
400,12,781,115.88309476234512,105.46296
400,12,782,114.48361181046393,106.31845
400,12,783,95.49697332689394,108.031166
400,12,784,146.31239700162575,100.10282
400,12,785,172.10736109382773,131.0276
400,12,786,149.80997607136143,146.40854
400,12,787,138.7818888341942,137.38193
400,12,788,105.38420291408255,124.718216
400,12,789,65.61422789851429,93.630066
400,12,790,34.8289792981203,41.956
400,12,791,16.22743948615983,17.309336
400,12,792,9.177511142782219,8.197616
400,12,793,8.512044071707475,4.4312944
400,12,794,3.5065654810192135,4.509937
400,12,795,3.3892721821507505,3.265016
400,12,796,3.7933859710263564,2.737658
400,12,797,7.315776118505666,5.050825
400,12,798,13.103213559746912,12.795244
400,12,799,41.91125992199,33.472652
400,12,800,88.71113912756302,95.67257
400,12,801,127.19572811531565,108.228645
400,12,802,126.53292922435139,114.56654
400,12,803,133.89542064498892,111.69896
400,12,804,104.1501748728795,111.85708
400,12,805,96.74206069449727,102.151146
400,12,806,98.28987516913314,98.52911
400,12,807,112.04164679280763,98.24123
400,12,808,147.06169843279523,105.54017
400,12,809,158.9547805516578,125.29979
400,12,810,166.25876611969326,140.85457
400,12,811,128.45566151944774,147.49066
400,12,812,90.92530419319752,116.37485
400,12,813,69.73975735938404,76.63957
400,12,814,25.092841626521878,49.181114
400,12,815,24.9423698485154,15.196374
400,12,816,9.625253645363557,15.798412
400,12,817,3.7711162415777677,6.407009
400,12,818,5.028194300697333,3.7744033
400,12,819,6.890433709680532,3.0233848
400,12,820,4.336407198412192,6.0121584
400,12,821,4.677906285966211,5.9824395
400,12,822,8.639290689231125,8.31617
400,12,823,43.768438059518104,19.982843
400,12,824,86.02524448292311,101.62093
400,12,825,106.29399523232007,111.698135
400,12,826,117.12908287039497,113.825134
400,12,827,110.17267194907323,113.80974
400,12,828,111.24495354768891,109.0879
400,12,829,98.05378351576711,107.78484
400,12,830,122.87800298085006,101.15701
400,12,831,110.19861052904375,111.189545
400,12,832,132.63660208632086,107.93906
400,12,833,149.4902371647061,124.96715
400,12,834,144.74700073967236,139.99373
400,12,835,118.31165571074979,134.3217
400,12,836,71.95967674806452,107.414696
400,12,837,67.78996457406771,50.690346
400,12,838,25.82615915106504,47.97737
400,12,839,15.735405638791306,16.423462
400,12,840,15.294842557936182,7.024638
400,12,841,10.874154599170064,10.174487
400,12,842,5.372695909355419,8.430026
400,12,843,5.288241949793007,4.4282007
400,12,844,4.374651064246168,3.0190635
400,12,845,7.022369885672561,4.7345567
400,12,846,14.08561008190915,10.4194565
400,12,847,62.478084413152146,35.00303
400,12,848,131.44919048527868,107.34177
400,12,849,152.99259714570607,119.04595
400,12,850,149.20910349901953,119.15141
400,12,851,136.6442142606044,118.27371
400,12,852,159.83927253877303,116.18987
400,12,853,143.29342831102338,121.308304
400,12,854,128.02917940120085,118.70872
400,12,855,130.47963083736818,115.698555
400,12,856,131.81227775412847,121.19804
400,12,857,166.83803687446812,127.87003
400,12,858,152.61467905091988,152.79182
400,12,859,93.68364059838132,133.93933
400,12,860,102.68376273451622,77.82699
400,12,861,62.09778011376978,93.02611
400,12,862,39.954866694509334,34.38732
400,12,863,24.640262427469192,19.83912
400,12,864,11.913271197487717,15.506954
400,12,865,5.158953482612746,6.2079716
400,12,866,8.93738243906578,3.133421
400,12,867,3.6136596892129877,5.5770087
400,12,868,2.0094794159857754,4.3846
400,12,869,7.212571813505685,4.838692
400,12,870,12.186642375898256,9.429182
400,12,871,18.059587433441877,26.724827
400,12,872,48.74991938549001,49.04414
400,12,873,91.54426983021273,95.75772
400,12,874,122.42454893092952,103.62725
400,12,875,139.06830268511428,108.00006
400,12,876,98.02955233560152,108.62827
400,12,877,94.17747389047338,95.405136
400,12,878,88.21892239061249,92.9404
400,12,879,72.94336431555628,89.25091
400,12,880,119.09836962738915,80.23876
400,12,881,106.92219390767539,104.99873
400,12,882,106.55556313720496,104.68683
400,12,883,106.17576364819416,109.15959
400,12,884,77.31937905214562,101.22715
400,12,885,55.77885998811705,60.477673
400,12,886,24.606380459524903,31.12074
400,12,887,24.337903481234346,14.051433
400,24,720,16.10292167828077,8.271438
400,24,721,12.117179987580212,7.37049
400,24,722,7.455788928861908,6.3136325
400,24,723,3.008793816366507,4.7735114
400,24,724,2.6948608295792322,3.1736236
400,24,725,4.659981320073661,3.6780329
400,24,726,3.8412461467171237,7.2508626
400,24,727,10.117434734002787,10.458018
400,24,728,30.9102407108492,28.328142
400,24,729,60.027062165733014,85.098915
400,24,730,81.68382281646434,94.68139
400,24,731,85.79099239811111,95.295044
400,24,732,81.60361128080723,92.19579
400,24,733,54.859697023900026,86.198715
400,24,734,77.67131581876687,52.551197
400,24,735,68.87026523631549,85.18552
400,24,736,65.95050941571746,72.22291
400,24,737,74.11777660523147,68.07152
400,24,738,64.46068607713846,78.35595
400,24,739,67.17866945257892,63.453804
400,24,740,64.43705277277921,66.99094
400,24,741,40.85701814529398,60.990887
400,24,742,23.351330822130986,25.290495
400,24,743,15.6822902538816,12.063397
400,24,744,10.67331843110258,7.4215846
400,24,745,5.295227921343972,6.5528855
400,24,746,4.046383169212787,4.835509
400,24,747,3.538074619258871,3.1764991
400,24,748,2.86200035324648,4.5936403
400,24,749,4.973968325325566,6.9777794
400,24,750,13.803104572110756,11.155785
400,24,751,48.82405206050172,44.458042
400,24,752,102.64515689385853,104.165016
400,24,753,118.70003664721133,115.4153
400,24,754,117.05324486382166,115.37496
400,24,755,116.66590909516083,112.31091
400,24,756,115.81208554681743,112.120285
400,24,757,101.16786307680117,111.80856
400,24,758,90.27965390917493,100.523636
400,24,759,125.27888614586223,91.04465
400,24,760,120.41984191805632,120.67235
400,24,761,159.500744773417,114.45229
400,24,762,141.47234934190635,137.51762
400,24,763,116.9616934014005,126.49625
400,24,764,88.09251885325064,109.52301
400,24,765,48.370242705978306,82.358116
400,24,766,23.950417738415396,30.836657
400,24,767,17.32066406489374,13.601771
400,24,768,9.031440584726504,8.5329275
400,24,769,9.447046184101348,6.9683166
400,24,770,5.347557066846501,4.727334
400,24,771,2.810691206645175,3.430911
400,24,772,3.5487714699608257,3.430911
400,24,773,4.253960888008773,6.937577
400,24,774,20.62312840037908,10.2097025
400,24,775,42.336546267134445,58.06998
400,24,776,110.31502127798738,86.501495
400,24,777,125.16067294600482,120.77959
400,24,778,121.18646726919472,118.98662
400,24,779,101.27996274329952,114.76898
400,24,780,113.116792754394,100.36354
400,24,781,115.88309476234512,110.439156
400,24,782,114.48361181046393,112.17427
400,24,783,95.49697332689394,110.575195
400,24,784,146.31239700162575,93.92078
400,24,785,172.10736109382773,132.44763
400,24,786,149.80997607136143,141.4969
400,24,787,138.7818888341942,130.4384
400,24,788,105.38420291408255,124.338165
400,24,789,65.61422789851429,98.83242
400,24,790,34.8289792981203,53.49232
400,24,791,16.22743948615983,21.731632
400,24,792,9.177511142782219,8.3093195
400,24,793,8.512044071707475,6.3224525
400,24,794,3.5065654810192135,4.148002
400,24,795,3.3892721821507505,3.430911
400,24,796,3.7933859710263564,3.430911
400,24,797,7.315776118505666,7.738313
400,24,798,13.103213559746912,11.834293
400,24,799,41.91125992199,38.621624
400,24,800,88.71113912756302,95.60494
400,24,801,127.19572811531565,108.903946
400,24,802,126.53292922435139,122.45932
400,24,803,133.89542064498892,118.892815
400,24,804,104.1501748728795,123.25329
400,24,805,96.74206069449727,103.04476
400,24,806,98.28987516913314,97.85805
400,24,807,112.04164679280763,99.42175
400,24,808,147.06169843279523,110.48255
400,24,809,158.9547805516578,132.55472
400,24,810,166.25876611969326,136.66847
400,24,811,128.45566151944774,139.40218
400,24,812,90.92530419319752,118.031334
400,24,813,69.73975735938404,85.6292
400,24,814,25.092841626521878,61.825066
400,24,815,24.9423698485154,14.444849
400,24,816,9.625253645363557,13.164375
400,24,817,3.7711162415777677,7.7326736
400,24,818,5.028194300697333,4.527542
400,24,819,6.890433709680532,3.430911
400,24,820,4.336407198412192,3.430911
400,24,821,4.677906285966211,6.448881
400,24,822,8.639290689231125,9.278453
400,24,823,43.768438059518104,20.09477
400,24,824,86.02524448292311,103.5316
400,24,825,106.29399523232007,107.19198
400,24,826,117.12908287039497,109.77209
400,24,827,110.17267194907323,113.93665
400,24,828,111.24495354768891,108.316826
400,24,829,98.05378351576711,109.24828
400,24,830,122.87800298085006,98.87616
400,24,831,110.19861052904375,119.08925
400,24,832,132.63660208632086,107.53674
400,24,833,149.4902371647061,124.308945
400,24,834,144.74700073967236,132.83195
400,24,835,118.31165571074979,129.30405
400,24,836,71.95967674806452,111.14629
400,24,837,67.78996457406771,65.29907
400,24,838,25.82615915106504,60.890526
400,24,839,15.735405638791306,15.617776
400,24,840,15.294842557936182,7.917653
400,24,841,10.874154599170064,7.399437
400,24,842,5.372695909355419,6.8256507
400,24,843,5.288241949793007,4.0980988
400,24,844,4.374651064246168,3.430911
400,24,845,7.022369885672561,4.435199
400,24,846,14.08561008190915,8.362271
400,24,847,62.478084413152146,39.01909
400,24,848,131.44919048527868,111.85159
400,24,849,152.99259714570607,129.20439
400,24,850,149.20910349901953,133.1226
400,24,851,136.6442142606044,130.64551
400,24,852,159.83927253877303,124.53783
400,24,853,143.29342831102338,136.39069
400,24,854,128.02917940120085,128.48137
400,24,855,130.47963083736818,120.21544
400,24,856,131.81227775412847,122.3935
400,24,857,166.83803687446812,123.070335
400,24,858,152.61467905091988,141.17403
400,24,859,93.68364059838132,133.56793
400,24,860,102.68376273451622,90.55646
400,24,861,62.09778011376978,100.73431
400,24,862,39.954866694509334,53.373154
400,24,863,24.640262427469192,24.281927
400,24,864,11.913271197487717,13.722177
400,24,865,5.158953482612746,7.140957
400,24,866,8.93738243906578,5.75354
400,24,867,3.6136596892129877,3.430911
400,24,868,2.0094794159857754,3.430911
400,24,869,7.212571813505685,4.062616
400,24,870,12.186642375898256,9.712337
400,24,871,18.059587433441877,32.16622
400,24,872,48.74991938549001,49.768845
400,24,873,91.54426983021273,94.968346
400,24,874,122.42454893092952,107.38466
400,24,875,139.06830268511428,118.88023
400,24,876,98.02955233560152,126.005844
400,24,877,94.17747389047338,98.05326
400,24,878,88.21892239061249,95.879
400,24,879,72.94336431555628,90.79602
400,24,880,119.09836962738915,75.21454
400,24,881,106.92219390767539,118.23271
400,24,882,106.55556313720496,103.81254
400,24,883,106.17576364819416,102.960754
400,24,884,77.31937905214562,102.22017
400,24,885,55.77885998811705,72.198235
400,24,886,24.606380459524903,42.746452
400,24,887,24.337903481234346,13.405114
400,48,720,16.10292167828077,15.887159
400,48,721,12.117179987580212,17.643238
400,48,722,7.455788928861908,18.597233
400,48,723,3.008793816366507,12.793946
400,48,724,2.6948608295792322,6.45811
400,48,725,4.659981320073661,5.4054136
400,48,726,3.8412461467171237,9.05019
400,48,727,10.117434734002787,11.41786
400,48,728,30.9102407108492,33.445995
400,48,729,60.027062165733014,82.73558
400,48,730,81.68382281646434,97.34705
400,48,731,85.79099239811111,99.536285
400,48,732,81.60361128080723,95.05152
400,48,733,54.859697023900026,86.60133
400,48,734,77.67131581876687,45.758713
400,48,735,68.87026523631549,77.16191
400,48,736,65.95050941571746,59.64262
400,48,737,74.11777660523147,53.84551
400,48,738,64.46068607713846,62.459175
400,48,739,67.17866945257892,47.07076
400,48,740,64.43705277277921,48.931355
400,48,741,40.85701814529398,44.14796
400,48,742,23.351330822130986,20.009184
400,48,743,15.6822902538816,13.591498
400,48,744,10.67331843110258,9.322643
400,48,745,5.295227921343972,9.750217
400,48,746,4.046383169212787,7.144946
400,48,747,3.538074619258871,4.0184374
400,48,748,2.86200035324648,4.737538
400,48,749,4.973968325325566,7.512033
400,48,750,13.803104572110756,12.659079
400,48,751,48.82405206050172,44.45346
400,48,752,102.64515689385853,103.09851
400,48,753,118.70003664721133,114.004395
400,48,754,117.05324486382166,113.97584
400,48,755,116.66590909516083,112.013916
400,48,756,115.81208554681743,111.89028
400,48,757,101.16786307680117,111.32859
400,48,758,90.27965390917493,100.30868
400,48,759,125.27888614586223,88.598595
400,48,760,120.41984191805632,120.090065
400,48,761,159.500744773417,114.44168
400,48,762,141.47234934190635,134.685
400,48,763,116.9616934014005,121.023224
400,48,764,88.09251885325064,104.495224
400,48,765,48.370242705978306,74.8165
400,48,766,23.950417738415396,26.89985
400,48,767,17.32066406489374,14.382589
400,48,768,9.031440584726504,11.688638
400,48,769,9.447046184101348,6.4325867
400,48,770,5.347557066846501,10.27478
400,48,771,2.810691206645175,5.916196
400,48,772,3.5487714699608257,5.239343
400,48,773,4.253960888008773,5.6956763
400,48,774,20.62312840037908,10.019451
400,48,775,42.336546267134445,54.496456
400,48,776,110.31502127798738,90.48992
400,48,777,125.16067294600482,117.85394
400,48,778,121.18646726919472,116.79467
400,48,779,101.27996274329952,113.12303
400,48,780,113.116792754394,99.32301
400,48,781,115.88309476234512,109.39616
400,48,782,114.48361181046393,111.013794
400,48,783,95.49697332689394,109.53253
400,48,784,146.31239700162575,92.53509
400,48,785,172.10736109382773,129.28192
400,48,786,149.80997607136143,136.78001
400,48,787,138.7818888341942,121.68357
400,48,788,105.38420291408255,114.71542
400,48,789,65.61422789851429,92.42184
400,48,790,34.8289792981203,45.416214
400,48,791,16.22743948615983,17.284744
400,48,792,9.177511142782219,8.402425
400,48,793,8.512044071707475,3.533178
400,48,794,3.5065654810192135,4.0214715
400,48,795,3.3892721821507505,4.383611
400,48,796,3.7933859710263564,3.2222028
400,48,797,7.315776118505666,5.5823503
400,48,798,13.103213559746912,11.951733
400,48,799,41.91125992199,41.18519
400,48,800,88.71113912756302,99.14051
400,48,801,127.19572811531565,114.80115
400,48,802,126.53292922435139,123.40193
400,48,803,133.89542064498892,120.24753
400,48,804,104.1501748728795,123.29849
400,48,805,96.74206069449727,104.26712
400,48,806,98.28987516913314,99.682144
400,48,807,112.04164679280763,101.281906
400,48,808,147.06169843279523,111.939835
400,48,809,158.9547805516578,131.86938
400,48,810,166.25876611969326,133.77318
400,48,811,128.45566151944774,132.98402
400,48,812,90.92530419319752,110.85271
400,48,813,69.73975735938404,81.33244
400,48,814,25.092841626521878,53.29791
400,48,815,24.9423698485154,15.843439
400,48,816,9.625253645363557,20.649837
400,48,817,3.7711162415777677,6.6367507
400,48,818,5.028194300697333,5.32788
400,48,819,6.890433709680532,1.0780808
400,48,820,4.336407198412192,4.2744393
400,48,821,4.677906285966211,6.237411
400,48,822,8.639290689231125,8.646816
400,48,823,43.768438059518104,22.274315
400,48,824,86.02524448292311,102.637436
400,48,825,106.29399523232007,111.90056
400,48,826,117.12908287039497,110.132645
400,48,827,110.17267194907323,114.868
400,48,828,111.24495354768891,109.52934
400,48,829,98.05378351576711,110.13978
400,48,830,122.87800298085006,100.00551
400,48,831,110.19861052904375,119.022964
400,48,832,132.63660208632086,108.305504
400,48,833,149.4902371647061,122.94083
400,48,834,144.74700073967236,129.2767
400,48,835,118.31165571074979,123.68533
400,48,836,71.95967674806452,106.663445
400,48,837,67.78996457406771,55.590206
400,48,838,25.82615915106504,50.58441
400,48,839,15.735405638791306,16.532356
400,48,840,15.294842557936182,11.6384325
400,48,841,10.874154599170064,14.732397
400,48,842,5.372695909355419,16.962742
400,48,843,5.288241949793007,7.6225996
400,48,844,4.374651064246168,4.7172246
400,48,845,7.022369885672561,5.6153235
400,48,846,14.08561008190915,10.831022
400,48,847,62.478084413152146,44.20823
400,48,848,131.44919048527868,115.38495
400,48,849,152.99259714570607,129.81682
400,48,850,149.20910349901953,130.2448
400,48,851,136.6442142606044,128.36732
400,48,852,159.83927253877303,123.707985
400,48,853,143.29342831102338,131.40092
400,48,854,128.02917940120085,124.908424
400,48,855,130.47963083736818,117.59267
400,48,856,131.81227775412847,119.64393
400,48,857,166.83803687446812,120.40524
400,48,858,152.61467905091988,135.05716
400,48,859,93.68364059838132,126.5391
400,48,860,102.68376273451622,92.009346
400,48,861,62.09778011376978,102.02241
400,48,862,39.954866694509334,46.80786
400,48,863,24.640262427469192,23.78193
400,48,864,11.913271197487717,19.202673
400,48,865,5.158953482612746,10.4502735
400,48,866,8.93738243906578,5.9763427
400,48,867,3.6136596892129877,3.7673707
400,48,868,2.0094794159857754,4.928028
400,48,869,7.212571813505685,4.666292
400,48,870,12.186642375898256,9.461904
400,48,871,18.059587433441877,35.66423
400,48,872,48.74991938549001,50.77856
400,48,873,91.54426983021273,101.295494
400,48,874,122.42454893092952,113.80494
400,48,875,139.06830268511428,122.844955
400,48,876,98.02955233560152,128.7131
400,48,877,94.17747389047338,101.72285
400,48,878,88.21892239061249,99.68379
400,48,879,72.94336431555628,93.66737
400,48,880,119.09836962738915,70.32788
400,48,881,106.92219390767539,119.783745
400,48,882,106.55556313720496,105.61596
400,48,883,106.17576364819416,103.30613
400,48,884,77.31937905214562,100.968895
400,48,885,55.77885998811705,65.54409
400,48,886,24.606380459524903,35.594994
400,48,887,24.337903481234346,15.674657
400,72,720,16.10292167828077,9.183095
400,72,721,12.117179987580212,7.1370707
400,72,722,7.455788928861908,7.3057995
400,72,723,3.008793816366507,5.2232428
400,72,724,2.6948608295792322,4.1786
400,72,725,4.659981320073661,4.25155
400,72,726,3.8412461467171237,8.632366
400,72,727,10.117434734002787,11.575596
400,72,728,30.9102407108492,35.304367
400,72,729,60.027062165733014,82.593414
400,72,730,81.68382281646434,97.23457
400,72,731,85.79099239811111,97.32128
400,72,732,81.60361128080723,95.24977
400,72,733,54.859697023900026,89.89046
400,72,734,77.67131581876687,57.917465
400,72,735,68.87026523631549,82.27528
400,72,736,65.95050941571746,66.26885
400,72,737,74.11777660523147,59.799862
400,72,738,64.46068607713846,67.26334
400,72,739,67.17866945257892,52.255894
400,72,740,64.43705277277921,53.870712
400,72,741,40.85701814529398,48.57963
400,72,742,23.351330822130986,26.542007
400,72,743,15.6822902538816,18.84533
400,72,744,10.67331843110258,6.837891
400,72,745,5.295227921343972,5.7369576
400,72,746,4.046383169212787,4.85401
400,72,747,3.538074619258871,3.3388124
400,72,748,2.86200035324648,5.213605
400,72,749,4.973968325325566,7.9802437
400,72,750,13.803104572110756,12.022225
400,72,751,48.82405206050172,46.99352
400,72,752,102.64515689385853,104.82738
400,72,753,118.70003664721133,114.03023
400,72,754,117.05324486382166,117.29804
400,72,755,116.66590909516083,115.06314
400,72,756,115.81208554681743,114.770164
400,72,757,101.16786307680117,114.22337
400,72,758,90.27965390917493,103.68774
400,72,759,125.27888614586223,90.8791
400,72,760,120.41984191805632,120.183205
400,72,761,159.500744773417,114.970985
400,72,762,141.47234934190635,136.256
400,72,763,116.9616934014005,125.15645
400,72,764,88.09251885325064,102.179375
400,72,765,48.370242705978306,67.54242
400,72,766,23.950417738415396,21.921692
400,72,767,17.32066406489374,11.943232
400,72,768,9.031440584726504,8.850847
400,72,769,9.447046184101348,6.3235326
400,72,770,5.347557066846501,3.1769202
400,72,771,2.810691206645175,5.6712375
400,72,772,3.5487714699608257,3.939192
400,72,773,4.253960888008773,6.0477123
400,72,774,20.62312840037908,9.868042
400,72,775,42.336546267134445,54.656452
400,72,776,110.31502127798738,91.333595
400,72,777,125.16067294600482,118.057
400,72,778,121.18646726919472,120.488945
400,72,779,101.27996274329952,117.18875
400,72,780,113.116792754394,103.69638
400,72,781,115.88309476234512,112.633286
400,72,782,114.48361181046393,114.06428
400,72,783,95.49697332689394,112.757
400,72,784,146.31239700162575,91.10588
400,72,785,172.10736109382773,131.34335
400,72,786,149.80997607136143,140.93839
400,72,787,138.7818888341942,129.69336
400,72,788,105.38420291408255,120.1199
400,72,789,65.61422789851429,86.05484
400,72,790,34.8289792981203,35.324417
400,72,791,16.22743948615983,14.822207
400,72,792,9.177511142782219,9.359286
400,72,793,8.512044071707475,5.860333
400,72,794,3.5065654810192135,3.9335773
400,72,795,3.3892721821507505,5.0437493
400,72,796,3.7933859710263564,3.2914803
400,72,797,7.315776118505666,6.361221
400,72,798,13.103213559746912,12.588451
400,72,799,41.91125992199,43.983315
400,72,800,88.71113912756302,98.300064
400,72,801,127.19572811531565,108.975075
400,72,802,126.53292922435139,124.56146
400,72,803,133.89542064498892,122.056595
400,72,804,104.1501748728795,126.32874
400,72,805,96.74206069449727,107.23835
400,72,806,98.28987516913314,102.20548
400,72,807,112.04164679280763,102.58492
400,72,808,147.06169843279523,113.08734
400,72,809,158.9547805516578,133.15742
400,72,810,166.25876611969326,137.4694
400,72,811,128.45566151944774,139.94296
400,72,812,90.92530419319752,115.02444
400,72,813,69.73975735938404,73.33815
400,72,814,25.092841626521878,45.10158
400,72,815,24.9423698485154,16.294537
400,72,816,9.625253645363557,19.02418
400,72,817,3.7711162415777677,7.9037232
400,72,818,5.028194300697333,5.561833
400,72,819,6.890433709680532,3.3822284
400,72,820,4.336407198412192,4.911141
400,72,821,4.677906285966211,6.9439216
400,72,822,8.639290689231125,8.719687
400,72,823,43.768438059518104,25.891542
400,72,824,86.02524448292311,104.75527
400,72,825,106.29399523232007,109.55039
400,72,826,117.12908287039497,112.99492
400,72,827,110.17267194907323,117.98067
400,72,828,111.24495354768891,112.7225
400,72,829,98.05378351576711,113.514175
400,72,830,122.87800298085006,103.485664
400,72,831,110.19861052904375,121.07239
400,72,832,132.63660208632086,110.17789
400,72,833,149.4902371647061,125.794014
400,72,834,144.74700073967236,133.71791
400,72,835,118.31165571074979,129.3817
400,72,836,71.95967674806452,104.88008
400,72,837,67.78996457406771,48.2412
400,72,838,25.82615915106504,42.57729
400,72,839,15.735405638791306,17.606686
400,72,840,15.294842557936182,8.05981
400,72,841,10.874154599170064,6.184386
400,72,842,5.372695909355419,6.209253
400,72,843,5.288241949793007,5.9597955
400,72,844,4.374651064246168,4.087679
400,72,845,7.022369885672561,5.5210457
400,72,846,14.08561008190915,9.400402
400,72,847,62.478084413152146,45.52092
400,72,848,131.44919048527868,111.99118
400,72,849,152.99259714570607,132.0236
400,72,850,149.20910349901953,138.60303
400,72,851,136.6442142606044,135.9259
400,72,852,159.83927253877303,130.08125
400,72,853,143.29342831102338,142.54277
400,72,854,128.02917940120085,134.51999
400,72,855,130.47963083736818,126.46734
400,72,856,131.81227775412847,128.42442
400,72,857,166.83803687446812,129.09212
400,72,858,152.61467905091988,146.56786
400,72,859,93.68364059838132,139.00195
400,72,860,102.68376273451622,85.41899
400,72,861,62.09778011376978,95.60974
400,72,862,39.954866694509334,41.344772
400,72,863,24.640262427469192,24.129509
400,72,864,11.913271197487717,17.717169
400,72,865,5.158953482612746,7.9970584
400,72,866,8.93738243906578,6.5481052
400,72,867,3.6136596892129877,2.5046992
400,72,868,2.0094794159857754,5.7292447
400,72,869,7.212571813505685,3.4081445
400,72,870,12.186642375898256,9.935801
400,72,871,18.059587433441877,37.57885
400,72,872,48.74991938549001,54.08712
400,72,873,91.54426983021273,97.84419
400,72,874,122.42454893092952,108.39734
400,72,875,139.06830268511428,122.20436
400,72,876,98.02955233560152,129.92319
400,72,877,94.17747389047338,103.41686
400,72,878,88.21892239061249,101.384964
400,72,879,72.94336431555628,94.85794
400,72,880,119.09836962738915,72.05376
400,72,881,106.92219390767539,119.01995
400,72,882,106.55556313720496,104.58249
400,72,883,106.17576364819416,101.6254
400,72,884,77.31937905214562,98.21237
400,72,885,55.77885998811705,60.6233
400,72,886,24.606380459524903,34.56366
400,72,887,24.337903481234346,18.089365
400,100,720,16.10292167828077,14.614727
400,100,721,12.117179987580212,15.26406
400,100,722,7.455788928861908,10.768451
400,100,723,3.008793816366507,4.763831
400,100,724,2.6948608295792322,0.55254847
400,100,725,4.659981320073661,-0.035248697
400,100,726,3.8412461467171237,5.648805
400,100,727,10.117434734002787,8.477833
400,100,728,30.9102407108492,28.840982
400,100,729,60.027062165733014,74.86609
400,100,730,81.68382281646434,110.683014
400,100,731,85.79099239811111,106.88188
400,100,732,81.60361128080723,101.939354
400,100,733,54.859697023900026,95.564095
400,100,734,77.67131581876687,73.56217
400,100,735,68.87026523631549,84.10063
400,100,736,65.95050941571746,72.37313
400,100,737,74.11777660523147,65.83297
400,100,738,64.46068607713846,69.81508
400,100,739,67.17866945257892,57.93364
400,100,740,64.43705277277921,56.76285
400,100,741,40.85701814529398,49.96231
400,100,742,23.351330822130986,29.708374
400,100,743,15.6822902538816,16.278006
400,100,744,10.67331843110258,13.290765
400,100,745,5.295227921343972,7.275547
400,100,746,4.046383169212787,3.7503495
400,100,747,3.538074619258871,1.480557
400,100,748,2.86200035324648,2.2949948
400,100,749,4.973968325325566,4.233946
400,100,750,13.803104572110756,8.774818
400,100,751,48.82405206050172,44.51815
400,100,752,102.64515689385853,103.167274
400,100,753,118.70003664721133,117.16436
400,100,754,117.05324486382166,116.92041
400,100,755,116.66590909516083,112.632225
400,100,756,115.81208554681743,109.38114
400,100,757,101.16786307680117,109.0058
400,100,758,90.27965390917493,102.57162
400,100,759,125.27888614586223,94.66042
400,100,760,120.41984191805632,118.62737
400,100,761,159.500744773417,118.62242
400,100,762,141.47234934190635,135.56833
400,100,763,116.9616934014005,125.381424
400,100,764,88.09251885325064,102.75714
400,100,765,48.370242705978306,70.21991
400,100,766,23.950417738415396,26.86473
400,100,767,17.32066406489374,11.066939
400,100,768,9.031440584726504,10.275461
400,100,769,9.447046184101348,4.9473896
400,100,770,5.347557066846501,4.76643
400,100,771,2.810691206645175,3.7603512
400,100,772,3.5487714699608257,2.183868
400,100,773,4.253960888008773,4.8655286
400,100,774,20.62312840037908,9.55558
400,100,775,42.336546267134445,57.19416
400,100,776,110.31502127798738,91.98746
400,100,777,125.16067294600482,116.90409
400,100,778,121.18646726919472,117.39389
400,100,779,101.27996274329952,112.59304
400,100,780,113.116792754394,101.37302
400,100,781,115.88309476234512,108.339294
400,100,782,114.48361181046393,111.72975
400,100,783,95.49697332689394,113.63805
400,100,784,146.31239700162575,96.91669
400,100,785,172.10736109382773,131.61249
400,100,786,149.80997607136143,138.27937
400,100,787,138.7818888341942,127.904
400,100,788,105.38420291408255,117.57634
400,100,789,65.61422789851429,88.16837
400,100,790,34.8289792981203,39.899055
400,100,791,16.22743948615983,15.874328
400,100,792,9.177511142782219,7.730271
400,100,793,8.512044071707475,5.799307
400,100,794,3.5065654810192135,4.2230144
400,100,795,3.3892721821507505,3.302361
400,100,796,3.7933859710263564,2.5596275
400,100,797,7.315776118505666,6.558515
400,100,798,13.103213559746912,12.364019
400,100,799,41.91125992199,40.13853
400,100,800,88.71113912756302,92.52106
400,100,801,127.19572811531565,115.89648
400,100,802,126.53292922435139,122.37631
400,100,803,133.89542064498892,118.62246
400,100,804,104.1501748728795,119.402435
400,100,805,96.74206069449727,106.59995
400,100,806,98.28987516913314,103.11087
400,100,807,112.04164679280763,104.94182
400,100,808,147.06169843279523,115.41466
400,100,809,158.9547805516578,133.7461
400,100,810,166.25876611969326,137.64948
400,100,811,128.45566151944774,138.5915
400,100,812,90.92530419319752,113.529655
400,100,813,69.73975735938404,74.82086
400,100,814,25.092841626521878,46.23469
400,100,815,24.9423698485154,12.106611
400,100,816,9.625253645363557,14.269508
400,100,817,3.7711162415777677,6.4984217
400,100,818,5.028194300697333,3.2226338
400,100,819,6.890433709680532,1.7014875
400,100,820,4.336407198412192,5.7651772
400,100,821,4.677906285966211,7.5472846
400,100,822,8.639290689231125,9.116401
400,100,823,43.768438059518104,21.242739
400,100,824,86.02524448292311,97.35737
400,100,825,106.29399523232007,116.52476
400,100,826,117.12908287039497,114.60008
400,100,827,110.17267194907323,114.85629
400,100,828,111.24495354768891,108.80437
400,100,829,98.05378351576711,107.4139
400,100,830,122.87800298085006,101.0296
400,100,831,110.19861052904375,115.80567
400,100,832,132.63660208632086,112.39363
400,100,833,149.4902371647061,125.83478
400,100,834,144.74700073967236,134.12013
400,100,835,118.31165571074979,128.732
400,100,836,71.95967674806452,105.233315
400,100,837,67.78996457406771,51.50199
400,100,838,25.82615915106504,43.944294
400,100,839,15.735405638791306,13.163395
400,100,840,15.294842557936182,10.130013
400,100,841,10.874154599170064,13.809754
400,100,842,5.372695909355419,8.278407
400,100,843,5.288241949793007,3.6220088
400,100,844,4.374651064246168,2.3739233
400,100,845,7.022369885672561,3.919281
400,100,846,14.08561008190915,8.626808
400,100,847,62.478084413152146,40.464474
400,100,848,131.44919048527868,119.02879
400,100,849,152.99259714570607,130.46295
400,100,850,149.20910349901953,132.12093
400,100,851,136.6442142606044,128.6446
400,100,852,159.83927253877303,125.84279
400,100,853,143.29342831102338,135.77023
400,100,854,128.02917940120085,134.19518
400,100,855,130.47963083736818,131.49648
400,100,856,131.81227775412847,133.76054
400,100,857,166.83803687446812,131.33215
400,100,858,152.61467905091988,143.75446
400,100,859,93.68364059838132,135.13274
400,100,860,102.68376273451622,84.40075
400,100,861,62.09778011376978,91.24627
400,100,862,39.954866694509334,40.779526
400,100,863,24.640262427469192,23.262424
400,100,864,11.913271197487717,13.120296
400,100,865,5.158953482612746,8.533372
400,100,866,8.93738243906578,2.4469748
400,100,867,3.6136596892129877,3.6851897
400,100,868,2.0094794159857754,3.1317248
400,100,869,7.212571813505685,2.2423162
400,100,870,12.186642375898256,10.284116
400,100,871,18.059587433441877,36.114216
400,100,872,48.74991938549001,51.361404
400,100,873,91.54426983021273,103.425896
400,100,874,122.42454893092952,114.34325
400,100,875,139.06830268511428,120.550835
400,100,876,98.02955233560152,122.70577
400,100,877,94.17747389047338,104.09702
400,100,878,88.21892239061249,101.82619
400,100,879,72.94336431555628,97.56836
400,100,880,119.09836962738915,77.15387
400,100,881,106.92219390767539,119.94505
400,100,882,106.55556313720496,108.46642
400,100,883,106.17576364819416,103.31268
400,100,884,77.31937905214562,98.7528
400,100,885,55.77885998811705,62.63386
400,100,886,24.606380459524903,36.528214
400,100,887,24.337903481234346,14.463867
300,4,720,16.10292167828077,12.977264
300,4,721,12.117179987580212,16.824774
300,4,722,7.455788928861908,9.963582
300,4,723,3.008793816366507,2.163408
300,4,724,2.6948608295792322,4.2568126
300,4,725,4.659981320073661,0.49876365
300,4,726,3.8412461467171237,4.0103517
300,4,727,10.117434734002787,7.468903
300,4,728,30.9102407108492,27.338043
300,4,729,60.027062165733014,86.402824
300,4,730,81.68382281646434,100.9331
300,4,731,85.79099239811111,102.53017
300,4,732,81.60361128080723,89.09847
300,4,733,54.859697023900026,71.60154
300,4,734,77.67131581876687,30.323654
300,4,735,68.87026523631549,66.03871
300,4,736,65.95050941571746,55.626965
300,4,737,74.11777660523147,53.09475
300,4,738,64.46068607713846,62.08812
300,4,739,67.17866945257892,49.354275
300,4,740,64.43705277277921,53.61647
300,4,741,40.85701814529398,49.54953
300,4,742,23.351330822130986,19.875532
300,4,743,15.6822902538816,15.283379
300,4,744,10.67331843110258,11.533169
300,4,745,5.295227921343972,7.579755
300,4,746,4.046383169212787,2.1500762
300,4,747,3.538074619258871,3.015212
300,4,748,2.86200035324648,2.0545268
300,4,749,4.973968325325566,5.7172017
300,4,750,13.803104572110756,6.6718535
300,4,751,48.82405206050172,44.406315
300,4,752,102.64515689385853,108.28995
300,4,753,118.70003664721133,112.75118
300,4,754,117.05324486382166,120.73071
300,4,755,116.66590909516083,111.4411
300,4,756,115.81208554681743,107.06369
300,4,757,101.16786307680117,105.93437
300,4,758,90.27965390917493,90.66847
300,4,759,125.27888614586223,77.45999
300,4,760,120.41984191805632,114.56721
300,4,761,159.500744773417,111.22547
300,4,762,141.47234934190635,135.49153
300,4,763,116.9616934014005,124.33604
300,4,764,88.09251885325064,106.625244
300,4,765,48.370242705978306,73.68973
300,4,766,23.950417738415396,31.780603
300,4,767,17.32066406489374,15.094861
300,4,768,9.031440584726504,10.775974
300,4,769,9.447046184101348,6.272704
300,4,770,5.347557066846501,2.0587423
300,4,771,2.810691206645175,4.1789627
300,4,772,3.5487714699608257,4.699629
300,4,773,4.253960888008773,2.1101947
300,4,774,20.62312840037908,5.9773297
300,4,775,42.336546267134445,61.600258
300,4,776,110.31502127798738,104.74675
300,4,777,125.16067294600482,127.43132
300,4,778,121.18646726919472,130.17596
300,4,779,101.27996274329952,116.21288
300,4,780,113.116792754394,90.8827
300,4,781,115.88309476234512,102.87919
300,4,782,114.48361181046393,106.16928
300,4,783,95.49697332689394,105.063484
300,4,784,146.31239700162575,84.173355
300,4,785,172.10736109382773,128.45157
300,4,786,149.80997607136143,138.74706
300,4,787,138.7818888341942,129.04828
300,4,788,105.38420291408255,121.15972
300,4,789,65.61422789851429,94.30865
300,4,790,34.8289792981203,41.951164
300,4,791,16.22743948615983,24.897688
300,4,792,9.177511142782219,6.4328947
300,4,793,8.512044071707475,5.5002084
300,4,794,3.5065654810192135,3.1484299
300,4,795,3.3892721821507505,4.56268
300,4,796,3.7933859710263564,3.4358106
300,4,797,7.315776118505666,3.311821
300,4,798,13.103213559746912,13.078981
300,4,799,41.91125992199,41.20277
300,4,800,88.71113912756302,107.82039
300,4,801,127.19572811531565,103.85049
300,4,802,126.53292922435139,126.98101
300,4,803,133.89542064498892,121.628296
300,4,804,104.1501748728795,121.420494
300,4,805,96.74206069449727,93.85522
300,4,806,98.28987516913314,84.826996
300,4,807,112.04164679280763,86.9268
300,4,808,147.06169843279523,102.6904
300,4,809,158.9547805516578,129.98546
300,4,810,166.25876611969326,134.83156
300,4,811,128.45566151944774,135.24814
300,4,812,90.92530419319752,114.31849
300,4,813,69.73975735938404,77.25204
300,4,814,25.092841626521878,47.60333
300,4,815,24.9423698485154,14.346891
300,4,816,9.625253645363557,21.668392
300,4,817,3.7711162415777677,8.036614
300,4,818,5.028194300697333,7.4278107
300,4,819,6.890433709680532,1.5973353
300,4,820,4.336407198412192,7.9550886
300,4,821,4.677906285966211,9.453237
300,4,822,8.639290689231125,7.1912622
300,4,823,43.768438059518104,15.831964
300,4,824,86.02524448292311,111.61789
300,4,825,106.29399523232007,106.30244
300,4,826,117.12908287039497,111.92902
300,4,827,110.17267194907323,113.322495
300,4,828,111.24495354768891,101.38451
300,4,829,98.05378351576711,101.59291
300,4,830,122.87800298085006,87.1574
300,4,831,110.19861052904375,112.45889
300,4,832,132.63660208632086,100.95938
300,4,833,149.4902371647061,120.43904
300,4,834,144.74700073967236,129.55663
300,4,835,118.31165571074979,126.52985
300,4,836,71.95967674806452,107.55613
300,4,837,67.78996457406771,51.651318
300,4,838,25.82615915106504,45.27684
300,4,839,15.735405638791306,14.0096035
300,4,840,15.294842557936182,6.1565347
300,4,841,10.874154599170064,15.470508
300,4,842,5.372695909355419,5.6397624
300,4,843,5.288241949793007,4.01457
300,4,844,4.374651064246168,3.3249936
300,4,845,7.022369885672561,3.6309295
300,4,846,14.08561008190915,10.579928
300,4,847,62.478084413152146,40.164913
300,4,848,131.44919048527868,107.32371
300,4,849,152.99259714570607,118.41763
300,4,850,149.20910349901953,134.16156
300,4,851,136.6442142606044,131.60382
300,4,852,159.83927253877303,120.48795
300,4,853,143.29342831102338,132.2449
300,4,854,128.02917940120085,124.24792
300,4,855,130.47963083736818,114.48277
300,4,856,131.81227775412847,116.065475
300,4,857,166.83803687446812,117.852234
300,4,858,152.61467905091988,135.81766
300,4,859,93.68364059838132,129.78557
300,4,860,102.68376273451622,81.40614
300,4,861,62.09778011376978,90.50596
300,4,862,39.954866694509334,37.48141
300,4,863,24.640262427469192,26.923382
300,4,864,11.913271197487717,17.242258
300,4,865,5.158953482612746,7.8254094
300,4,866,8.93738243906578,8.514713
300,4,867,3.6136596892129877,1.8485808
300,4,868,2.0094794159857754,6.938056
300,4,869,7.212571813505685,4.6547303
300,4,870,12.186642375898256,5.84807
300,4,871,18.059587433441877,37.868168
300,4,872,48.74991938549001,47.889053
300,4,873,91.54426983021273,102.04194
300,4,874,122.42454893092952,104.020645
300,4,875,139.06830268511428,127.13226
300,4,876,98.02955233560152,129.82063
300,4,877,94.17747389047338,87.96102
300,4,878,88.21892239061249,81.63934
300,4,879,72.94336431555628,74.57557
300,4,880,119.09836962738915,55.376698
300,4,881,106.92219390767539,110.328384
300,4,882,106.55556313720496,99.189026
300,4,883,106.17576364819416,97.90282
300,4,884,77.31937905214562,96.175896
300,4,885,55.77885998811705,60.865772
300,4,886,24.606380459524903,28.711601
300,4,887,24.337903481234346,13.617253
300,12,720,16.10292167828077,12.380801
300,12,721,12.117179987580212,15.638987
300,12,722,7.455788928861908,15.141827
300,12,723,3.008793816366507,11.7125225
300,12,724,2.6948608295792322,6.948641
300,12,725,4.659981320073661,3.6207054
300,12,726,3.8412461467171237,6.9381
300,12,727,10.117434734002787,9.85366
300,12,728,30.9102407108492,29.03789
300,12,729,60.027062165733014,77.16977
300,12,730,81.68382281646434,100.507996
300,12,731,85.79099239811111,103.799774
300,12,732,81.60361128080723,101.72019
300,12,733,54.859697023900026,97.62562
300,12,734,77.67131581876687,74.990974
300,12,735,68.87026523631549,94.26314
300,12,736,65.95050941571746,81.882866
300,12,737,74.11777660523147,77.153656
300,12,738,64.46068607713846,80.451096
300,12,739,67.17866945257892,61.644585
300,12,740,64.43705277277921,53.28488
300,12,741,40.85701814529398,46.62343
300,12,742,23.351330822130986,22.071548
300,12,743,15.6822902538816,10.672231
300,12,744,10.67331843110258,9.506957
300,12,745,5.295227921343972,8.194983
300,12,746,4.046383169212787,8.065003
300,12,747,3.538074619258871,3.9939973
300,12,748,2.86200035324648,4.762094
300,12,749,4.973968325325566,7.055202
300,12,750,13.803104572110756,9.282949
300,12,751,48.82405206050172,39.376976
300,12,752,102.64515689385853,97.23812
300,12,753,118.70003664721133,118.63524
300,12,754,117.05324486382166,119.97854
300,12,755,116.66590909516083,119.32163
300,12,756,115.81208554681743,119.11886
300,12,757,101.16786307680117,118.53542
300,12,758,90.27965390917493,112.588524
300,12,759,125.27888614586223,103.297424
300,12,760,120.41984191805632,119.87639
300,12,761,159.500744773417,117.389824
300,12,762,141.47234934190635,125.21739
300,12,763,116.9616934014005,119.79854
300,12,764,88.09251885325064,104.36169
300,12,765,48.370242705978306,74.724815
300,12,766,23.950417738415396,25.983187
300,12,767,17.32066406489374,9.872435
300,12,768,9.031440584726504,10.795681
300,12,769,9.447046184101348,6.926575
300,12,770,5.347557066846501,12.247311
300,12,771,2.810691206645175,6.266734
300,12,772,3.5487714699608257,4.5333123
300,12,773,4.253960888008773,5.2442675
300,12,774,20.62312840037908,9.236479
300,12,775,42.336546267134445,50.702713
300,12,776,110.31502127798738,85.807884
300,12,777,125.16067294600482,119.72101
300,12,778,121.18646726919472,120.721436
300,12,779,101.27996274329952,119.51214
300,12,780,113.116792754394,108.828476
300,12,781,115.88309476234512,117.68639
300,12,782,114.48361181046393,117.65024
300,12,783,95.49697332689394,116.58487
300,12,784,146.31239700162575,101.92287
300,12,785,172.10736109382773,123.031166
300,12,786,149.80997607136143,125.36383
300,12,787,138.7818888341942,123.82624
300,12,788,105.38420291408255,119.63312
300,12,789,65.61422789851429,93.693726
300,12,790,34.8289792981203,45.49824
300,12,791,16.22743948615983,15.949499
300,12,792,9.177511142782219,6.758195
300,12,793,8.512044071707475,5.467843
300,12,794,3.5065654810192135,8.090505
300,12,795,3.3892721821507505,3.7136872
300,12,796,3.7933859710263564,0.5333144
300,12,797,7.315776118505666,5.1499295
300,12,798,13.103213559746912,14.4741745
300,12,799,41.91125992199,40.021442
300,12,800,88.71113912756302,91.77855
300,12,801,127.19572811531565,113.4544
300,12,802,126.53292922435139,121.864716
300,12,803,133.89542064498892,121.00633
300,12,804,104.1501748728795,122.68172
300,12,805,96.74206069449727,113.28737
300,12,806,98.28987516913314,109.37195
300,12,807,112.04164679280763,109.70135
300,12,808,147.06169843279523,116.09298
300,12,809,158.9547805516578,123.15203
300,12,810,166.25876611969326,124.63341
300,12,811,128.45566151944774,127.47662
300,12,812,90.92530419319752,113.089775
300,12,813,69.73975735938404,77.93712
300,12,814,25.092841626521878,51.96417
300,12,815,24.9423698485154,10.124375
300,12,816,9.625253645363557,17.115593
300,12,817,3.7711162415777677,4.913296
300,12,818,5.028194300697333,4.691537
300,12,819,6.890433709680532,2.8219407
300,12,820,4.336407198412192,6.3326225
300,12,821,4.677906285966211,9.617729
300,12,822,8.639290689231125,10.136716
300,12,823,43.768438059518104,24.959421
300,12,824,86.02524448292311,95.26752
300,12,825,106.29399523232007,113.43647
300,12,826,117.12908287039497,116.46283
300,12,827,110.17267194907323,119.91202
300,12,828,111.24495354768891,117.74459
300,12,829,98.05378351576711,117.9258
300,12,830,122.87800298085006,110.73174
300,12,831,110.19861052904375,120.40379
300,12,832,132.63660208632086,116.009544
300,12,833,149.4902371647061,121.341034
300,12,834,144.74700073967236,124.057175
300,12,835,118.31165571074979,121.57395
300,12,836,71.95967674806452,105.376205
300,12,837,67.78996457406771,53.130543
300,12,838,25.82615915106504,50.667305
300,12,839,15.735405638791306,10.386703
300,12,840,15.294842557936182,9.356453
300,12,841,10.874154599170064,17.004642
300,12,842,5.372695909355419,13.957199
300,12,843,5.288241949793007,7.507679
300,12,844,4.374651064246168,5.3425016
300,12,845,7.022369885672561,7.8490915
300,12,846,14.08561008190915,11.04997
300,12,847,62.478084413152146,40.600914
300,12,848,131.44919048527868,109.023415
300,12,849,152.99259714570607,123.14137
300,12,850,149.20910349901953,125.65443
300,12,851,136.6442142606044,125.10594
300,12,852,159.83927253877303,122.80095
300,12,853,143.29342831102338,127.28488
300,12,854,128.02917940120085,123.74238
300,12,855,130.47963083736818,120.08472
300,12,856,131.81227775412847,120.259766
300,12,857,166.83803687446812,119.9042
300,12,858,152.61467905091988,126.43858
300,12,859,93.68364059838132,125.32978
300,12,860,102.68376273451622,81.61828
300,12,861,62.09778011376978,94.17291
300,12,862,39.954866694509334,41.172077
300,12,863,24.640262427469192,20.403723
300,12,864,11.913271197487717,11.481139
300,12,865,5.158953482612746,5.9439096
300,12,866,8.93738243906578,5.3827453
300,12,867,3.6136596892129877,8.622715
300,12,868,2.0094794159857754,6.31337
300,12,869,7.212571813505685,3.574078
300,12,870,12.186642375898256,5.932667
300,12,871,18.059587433441877,34.105736
300,12,872,48.74991938549001,49.336857
300,12,873,91.54426983021273,97.44969
300,12,874,122.42454893092952,111.74323
300,12,875,139.06830268511428,119.92789
300,12,876,98.02955233560152,122.95767
300,12,877,94.17747389047338,106.21255
300,12,878,88.21892239061249,104.31964
300,12,879,72.94336431555628,99.91685
300,12,880,119.09836962738915,83.91804
300,12,881,106.92219390767539,117.38838
300,12,882,106.55556313720496,106.453514
300,12,883,106.17576364819416,101.2356
300,12,884,77.31937905214562,95.60856
300,12,885,55.77885998811705,60.74894
300,12,886,24.606380459524903,33.919857
300,12,887,24.337903481234346,9.696685
300,24,720,16.10292167828077,13.911627
300,24,721,12.117179987580212,10.945238
300,24,722,7.455788928861908,10.409771
300,24,723,3.008793816366507,3.0582533
300,24,724,2.6948608295792322,1.3229921
300,24,725,4.659981320073661,0.35057217
300,24,726,3.8412461467171237,5.215673
300,24,727,10.117434734002787,7.386686
300,24,728,30.9102407108492,24.772873
300,24,729,60.027062165733014,88.240616
300,24,730,81.68382281646434,103.201904
300,24,731,85.79099239811111,104.69127
300,24,732,81.60361128080723,98.7771
300,24,733,54.859697023900026,88.36862
300,24,734,77.67131581876687,56.137474
300,24,735,68.87026523631549,79.15154
300,24,736,65.95050941571746,67.08545
300,24,737,74.11777660523147,62.559692
300,24,738,64.46068607713846,70.60394
300,24,739,67.17866945257892,58.720684
300,24,740,64.43705277277921,60.35416
300,24,741,40.85701814529398,55.299248
300,24,742,23.351330822130986,27.885033
300,24,743,15.6822902538816,18.689232
300,24,744,10.67331843110258,14.693493
300,24,745,5.295227921343972,12.216924
300,24,746,4.046383169212787,2.3964272
300,24,747,3.538074619258871,3.747289
300,24,748,2.86200035324648,3.9371119
300,24,749,4.973968325325566,6.734489
300,24,750,13.803104572110756,7.5212317
300,24,751,48.82405206050172,41.90461
300,24,752,102.64515689385853,107.06467
300,24,753,118.70003664721133,115.135445
300,24,754,117.05324486382166,122.25846
300,24,755,116.66590909516083,121.38744
300,24,756,115.81208554681743,118.73665
300,24,757,101.16786307680117,117.016914
300,24,758,90.27965390917493,103.65526
300,24,759,125.27888614586223,92.17604
300,24,760,120.41984191805632,122.48654
300,24,761,159.500744773417,118.6593
300,24,762,141.47234934190635,131.26282
300,24,763,116.9616934014005,128.76729
300,24,764,88.09251885325064,115.08219
300,24,765,48.370242705978306,86.01615
300,24,766,23.950417738415396,40.241016
300,24,767,17.32066406489374,23.127
300,24,768,9.031440584726504,15.233119
300,24,769,9.447046184101348,9.365553
300,24,770,5.347557066846501,8.738308
300,24,771,2.810691206645175,3.870295
300,24,772,3.5487714699608257,3.1044111
300,24,773,4.253960888008773,2.9086635
300,24,774,20.62312840037908,7.3131127
300,24,775,42.336546267134445,56.67007
300,24,776,110.31502127798738,83.88656
300,24,777,125.16067294600482,117.811134
300,24,778,121.18646726919472,122.982
300,24,779,101.27996274329952,121.52292
300,24,780,113.116792754394,103.84449
300,24,781,115.88309476234512,113.154175
300,24,782,114.48361181046393,114.913666
300,24,783,95.49697332689394,113.440704
300,24,784,146.31239700162575,96.045334
300,24,785,172.10736109382773,127.03533
300,24,786,149.80997607136143,131.82794
300,24,787,138.7818888341942,129.46255
300,24,788,105.38420291408255,128.19518
300,24,789,65.61422789851429,103.66199
300,24,790,34.8289792981203,59.11578
300,24,791,16.22743948615983,25.89504
300,24,792,9.177511142782219,15.199728
300,24,793,8.512044071707475,12.187908
300,24,794,3.5065654810192135,8.698312
300,24,795,3.3892721821507505,6.280394
300,24,796,3.7933859710263564,3.8490698
300,24,797,7.315776118505666,4.404007
300,24,798,13.103213559746912,12.043248
300,24,799,41.91125992199,34.138893
300,24,800,88.71113912756302,89.80943
300,24,801,127.19572811531565,108.106766
300,24,802,126.53292922435139,122.350784
300,24,803,133.89542064498892,123.16134
300,24,804,104.1501748728795,124.79174
300,24,805,96.74206069449727,105.62738
300,24,806,98.28987516913314,97.61733
300,24,807,112.04164679280763,98.30667
300,24,808,147.06169843279523,110.21027
300,24,809,158.9547805516578,125.97996
300,24,810,166.25876611969326,128.50627
300,24,811,128.45566151944774,130.29257
300,24,812,90.92530419319752,122.8925
300,24,813,69.73975735938404,88.94414
300,24,814,25.092841626521878,62.30898
300,24,815,24.9423698485154,24.008707
300,24,816,9.625253645363557,23.822723
300,24,817,3.7711162415777677,7.483645
300,24,818,5.028194300697333,0.38371682
300,24,819,6.890433709680532,3.8837717
300,24,820,4.336407198412192,10.105477
300,24,821,4.677906285966211,6.4265475
300,24,822,8.639290689231125,6.496124
300,24,823,43.768438059518104,16.183094
300,24,824,86.02524448292311,100.079094
300,24,825,106.29399523232007,107.37226
300,24,826,117.12908287039497,114.49399
300,24,827,110.17267194907323,119.01671
300,24,828,111.24495354768891,112.439964
300,24,829,98.05378351576711,112.30494
300,24,830,122.87800298085006,99.74472
300,24,831,110.19861052904375,119.9269
300,24,832,132.63660208632086,110.025475
300,24,833,149.4902371647061,123.49481
300,24,834,144.74700073967236,126.97949
300,24,835,118.31165571074979,127.01577
300,24,836,71.95967674806452,116.08868
300,24,837,67.78996457406771,69.453636
300,24,838,25.82615915106504,60.595947
300,24,839,15.735405638791306,23.768307
300,24,840,15.294842557936182,15.521569
300,24,841,10.874154599170064,14.914759
300,24,842,5.372695909355419,12.109492
300,24,843,5.288241949793007,1.9988344
300,24,844,4.374651064246168,3.0476735
300,24,845,7.022369885672561,4.168002
300,24,846,14.08561008190915,7.395987
300,24,847,62.478084413152146,35.672283
300,24,848,131.44919048527868,102.49598
300,24,849,152.99259714570607,122.83963
300,24,850,149.20910349901953,127.772156
300,24,851,136.6442142606044,127.611305
300,24,852,159.83927253877303,125.72632
300,24,853,143.29342831102338,128.72104
300,24,854,128.02917940120085,126.468994
300,24,855,130.47963083736818,122.853485
300,24,856,131.81227775412847,123.476074
300,24,857,166.83803687446812,124.013695
300,24,858,152.61467905091988,129.90851
300,24,859,93.68364059838132,128.71867
300,24,860,102.68376273451622,93.34443
300,24,861,62.09778011376978,99.631676
300,24,862,39.954866694509334,53.454926
300,24,863,24.640262427469192,28.887188
300,24,864,11.913271197487717,19.761612
300,24,865,5.158953482612746,8.304566
300,24,866,8.93738243906578,2.6400313
300,24,867,3.6136596892129877,9.077106
300,24,868,2.0094794159857754,6.534652
300,24,869,7.212571813505685,1.674214
300,24,870,12.186642375898256,9.86494
300,24,871,18.059587433441877,29.178692
300,24,872,48.74991938549001,47.747486
300,24,873,91.54426983021273,87.79736
300,24,874,122.42454893092952,107.27992
300,24,875,139.06830268511428,121.21461
300,24,876,98.02955233560152,125.20364
300,24,877,94.17747389047338,100.54834
300,24,878,88.21892239061249,95.23625
300,24,879,72.94336431555628,88.05716
300,24,880,119.09836962738915,70.34737
300,24,881,106.92219390767539,115.18022
300,24,882,106.55556313720496,104.96436
300,24,883,106.17576364819416,104.30558
300,24,884,77.31937905214562,103.264404
300,24,885,55.77885998811705,72.695366
300,24,886,24.606380459524903,45.619434
300,24,887,24.337903481234346,20.467264
300,48,720,16.10292167828077,9.769996
300,48,721,12.117179987580212,13.08838
300,48,722,7.455788928861908,10.379757
300,48,723,3.008793816366507,3.917614
300,48,724,2.6948608295792322,4.1213484
300,48,725,4.659981320073661,2.6457295
300,48,726,3.8412461467171237,8.492088
300,48,727,10.117434734002787,14.705041
300,48,728,30.9102407108492,36.356922
300,48,729,60.027062165733014,86.03221
300,48,730,81.68382281646434,99.0605
300,48,731,85.79099239811111,97.225105
300,48,732,81.60361128080723,92.07419
300,48,733,54.859697023900026,84.159134
300,48,734,77.67131581876687,52.18041
300,48,735,68.87026523631549,76.284195
300,48,736,65.95050941571746,62.567116
300,48,737,74.11777660523147,57.406624
300,48,738,64.46068607713846,65.67135
300,48,739,67.17866945257892,52.064198
300,48,740,64.43705277277921,54.798977
300,48,741,40.85701814529398,50.336826
300,48,742,23.351330822130986,20.53441
300,48,743,15.6822902538816,7.732024
300,48,744,10.67331843110258,8.829152
300,48,745,5.295227921343972,6.2741423
300,48,746,4.046383169212787,3.1170514
300,48,747,3.538074619258871,2.6897364
300,48,748,2.86200035324648,3.924616
300,48,749,4.973968325325566,7.582271
300,48,750,13.803104572110756,12.569769
300,48,751,48.82405206050172,46.681572
300,48,752,102.64515689385853,103.605095
300,48,753,118.70003664721133,119.459236
300,48,754,117.05324486382166,119.873985
300,48,755,116.66590909516083,115.51399
300,48,756,115.81208554681743,113.48814
300,48,757,101.16786307680117,111.64304
300,48,758,90.27965390917493,98.693275
300,48,759,125.27888614586223,88.085464
300,48,760,120.41984191805632,116.10236
300,48,761,159.500744773417,110.851654
300,48,762,141.47234934190635,133.54604
300,48,763,116.9616934014005,122.61554
300,48,764,88.09251885325064,105.22923
300,48,765,48.370242705978306,78.33985
300,48,766,23.950417738415396,32.15792
300,48,767,17.32066406489374,10.827936
300,48,768,9.031440584726504,12.05075
300,48,769,9.447046184101348,4.053664
300,48,770,5.347557066846501,4.84892
300,48,771,2.810691206645175,5.8193684
300,48,772,3.5487714699608257,3.9335992
300,48,773,4.253960888008773,6.9798923
300,48,774,20.62312840037908,12.137909
300,48,775,42.336546267134445,60.08424
300,48,776,110.31502127798738,92.03411
300,48,777,125.16067294600482,124.42124
300,48,778,121.18646726919472,124.09506
300,48,779,101.27996274329952,118.66527
300,48,780,113.116792754394,102.15632
300,48,781,115.88309476234512,110.574875
300,48,782,114.48361181046393,111.45585
300,48,783,95.49697332689394,109.33613
300,48,784,146.31239700162575,91.77176
300,48,785,172.10736109382773,128.91098
300,48,786,149.80997607136143,139.45895
300,48,787,138.7818888341942,127.785934
300,48,788,105.38420291408255,120.95537
300,48,789,65.61422789851429,95.7009
300,48,790,34.8289792981203,52.761257
300,48,791,16.22743948615983,18.422771
300,48,792,9.177511142782219,8.443719
300,48,793,8.512044071707475,3.3771117
300,48,794,3.5065654810192135,2.596935
300,48,795,3.3892721821507505,4.94542
300,48,796,3.7933859710263564,2.519082
300,48,797,7.315776118505666,7.103587
300,48,798,13.103213559746912,10.178744
300,48,799,41.91125992199,41.98856
300,48,800,88.71113912756302,96.68768
300,48,801,127.19572811531565,112.7764
300,48,802,126.53292922435139,126.77027
300,48,803,133.89542064498892,122.510574
300,48,804,104.1501748728795,125.66408
300,48,805,96.74206069449727,103.319916
300,48,806,98.28987516913314,96.17232
300,48,807,112.04164679280763,96.148636
300,48,808,147.06169843279523,106.589935
300,48,809,158.9547805516578,128.62592
300,48,810,166.25876611969326,133.35893
300,48,811,128.45566151944774,136.08118
300,48,812,90.92530419319752,114.54221
300,48,813,69.73975735938404,82.356606
300,48,814,25.092841626521878,58.546932
300,48,815,24.9423698485154,11.349609
300,48,816,9.625253645363557,17.315191
300,48,817,3.7711162415777677,4.4140196
300,48,818,5.028194300697333,2.9577854
300,48,819,6.890433709680532,1.2984431
300,48,820,4.336407198412192,3.1457982
300,48,821,4.677906285966211,9.442976
300,48,822,8.639290689231125,12.63179
300,48,823,43.768438059518104,24.44237
300,48,824,86.02524448292311,101.94348
300,48,825,106.29399523232007,112.46018
300,48,826,117.12908287039497,113.71789
300,48,827,110.17267194907323,117.10942
300,48,828,111.24495354768891,109.66521
300,48,829,98.05378351576711,108.84763
300,48,830,122.87800298085006,96.715775
300,48,831,110.19861052904375,115.59217
300,48,832,132.63660208632086,104.43452
300,48,833,149.4902371647061,119.97659
300,48,834,144.74700073967236,128.69127
300,48,835,118.31165571074979,125.10887
300,48,836,71.95967674806452,106.69434
300,48,837,67.78996457406771,60.763462
300,48,838,25.82615915106504,56.298603
300,48,839,15.735405638791306,11.493211
300,48,840,15.294842557936182,9.335743
300,48,841,10.874154599170064,13.350598
300,48,842,5.372695909355419,9.623819
300,48,843,5.288241949793007,5.493205
300,48,844,4.374651064246168,4.8512754
300,48,845,7.022369885672561,7.402135
300,48,846,14.08561008190915,9.56089
300,48,847,62.478084413152146,43.55584
300,48,848,131.44919048527868,112.98544
300,48,849,152.99259714570607,134.33244
300,48,850,149.20910349901953,139.02454
300,48,851,136.6442142606044,135.42235
300,48,852,159.83927253877303,127.739586
300,48,853,143.29342831102338,139.14482
300,48,854,128.02917940120085,129.79227
300,48,855,130.47963083736818,120.04249
300,48,856,131.81227775412847,120.74845
300,48,857,166.83803687446812,120.80742
300,48,858,152.61467905091988,139.0686
300,48,859,93.68364059838132,131.16412
300,48,860,102.68376273451622,89.12603
300,48,861,62.09778011376978,96.85069
300,48,862,39.954866694509334,54.004894
300,48,863,24.640262427469192,28.10112
300,48,864,11.913271197487717,12.876837
300,48,865,5.158953482612746,5.1166134
300,48,866,8.93738243906578,2.5264497
300,48,867,3.6136596892129877,1.0580244
300,48,868,2.0094794159857754,6.2494745
300,48,869,7.212571813505685,4.946559
300,48,870,12.186642375898256,6.813668
300,48,871,18.059587433441877,36.78126
300,48,872,48.74991938549001,56.050766
300,48,873,91.54426983021273,97.31516
300,48,874,122.42454893092952,110.08068
300,48,875,139.06830268511428,122.047424
300,48,876,98.02955233560152,128.88074
300,48,877,94.17747389047338,98.32058
300,48,878,88.21892239061249,94.03352
300,48,879,72.94336431555628,87.0854
300,48,880,119.09836962738915,69.85629
300,48,881,106.92219390767539,111.15985
300,48,882,106.55556313720496,99.24055
300,48,883,106.17576364819416,97.81145
300,48,884,77.31937905214562,96.2354
300,48,885,55.77885998811705,65.7539
300,48,886,24.606380459524903,39.682323
300,48,887,24.337903481234346,8.934124
300,72,720,16.10292167828077,8.435904
300,72,721,12.117179987580212,7.1998925
300,72,722,7.455788928861908,6.4350753
300,72,723,3.008793816366507,5.3916817
300,72,724,2.6948608295792322,3.778929
300,72,725,4.659981320073661,4.2231445
300,72,726,3.8412461467171237,6.918481
300,72,727,10.117434734002787,10.601192
300,72,728,30.9102407108492,31.77068
300,72,729,60.027062165733014,92.00245
300,72,730,81.68382281646434,99.709305
300,72,731,85.79099239811111,90.18076
300,72,732,81.60361128080723,85.50461
300,72,733,54.859697023900026,78.156296
300,72,734,77.67131581876687,54.917614
300,72,735,68.87026523631549,68.049255
300,72,736,65.95050941571746,55.526142
300,72,737,74.11777660523147,51.21282
300,72,738,64.46068607713846,56.381565
300,72,739,67.17866945257892,45.579765
300,72,740,64.43705277277921,45.6278
300,72,741,40.85701814529398,42.01215
300,72,742,23.351330822130986,26.670921
300,72,743,15.6822902538816,11.412268
300,72,744,10.67331843110258,7.3552966
300,72,745,5.295227921343972,6.549476
300,72,746,4.046383169212787,3.798965
300,72,747,3.538074619258871,3.7310977
300,72,748,2.86200035324648,5.7822843
300,72,749,4.973968325325566,8.668155
300,72,750,13.803104572110756,8.033845
300,72,751,48.82405206050172,46.851593
300,72,752,102.64515689385853,108.75562
300,72,753,118.70003664721133,115.512344
300,72,754,117.05324486382166,117.38161
300,72,755,116.66590909516083,114.78678
300,72,756,115.81208554681743,114.185486
300,72,757,101.16786307680117,113.745514
300,72,758,90.27965390917493,101.204575
300,72,759,125.27888614586223,89.41863
300,72,760,120.41984191805632,115.24308
300,72,761,159.500744773417,110.00125
300,72,762,141.47234934190635,129.25977
300,72,763,116.9616934014005,119.85785
300,72,764,88.09251885325064,104.800354
300,72,765,48.370242705978306,79.35239
300,72,766,23.950417738415396,37.92317
300,72,767,17.32066406489374,14.129835
300,72,768,9.031440584726504,9.705295
300,72,769,9.447046184101348,6.3282356
300,72,770,5.347557066846501,6.9932446
300,72,771,2.810691206645175,5.919196
300,72,772,3.5487714699608257,5.0454965
300,72,773,4.253960888008773,6.2604785
300,72,774,20.62312840037908,8.993098
300,72,775,42.336546267134445,59.29411
300,72,776,110.31502127798738,88.78349
300,72,777,125.16067294600482,114.90784
300,72,778,121.18646726919472,116.76396
300,72,779,101.27996274329952,114.23064
300,72,780,113.116792754394,98.61463
300,72,781,115.88309476234512,108.56315
300,72,782,114.48361181046393,109.70887
300,72,783,95.49697332689394,107.79201
300,72,784,146.31239700162575,90.74789
300,72,785,172.10736109382773,123.37768
300,72,786,149.80997607136143,131.63983
300,72,787,138.7818888341942,122.3174
300,72,788,105.38420291408255,116.79259
300,72,789,65.61422789851429,94.17162
300,72,790,34.8289792981203,51.037163
300,72,791,16.22743948615983,22.262394
300,72,792,9.177511142782219,10.244022
300,72,793,8.512044071707475,5.938851
300,72,794,3.5065654810192135,5.3371625
300,72,795,3.3892721821507505,4.044532
300,72,796,3.7933859710263564,4.274202
300,72,797,7.315776118505666,6.1410117
300,72,798,13.103213559746912,11.6762295
300,72,799,41.91125992199,43.948555
300,72,800,88.71113912756302,96.854324
300,72,801,127.19572811531565,105.779755
300,72,802,126.53292922435139,125.60043
300,72,803,133.89542064498892,122.10455
300,72,804,104.1501748728795,127.12131
300,72,805,96.74206069449727,106.655334
300,72,806,98.28987516913314,99.8709
300,72,807,112.04164679280763,99.36313
300,72,808,147.06169843279523,108.67752
300,72,809,158.9547805516578,127.963295
300,72,810,166.25876611969326,131.69092
300,72,811,128.45566151944774,133.64899
300,72,812,90.92530419319752,114.962456
300,72,813,69.73975735938404,85.04816
300,72,814,25.092841626521878,59.018803
300,72,815,24.9423698485154,16.556927
300,72,816,9.625253645363557,12.730961
300,72,817,3.7711162415777677,5.7919207
300,72,818,5.028194300697333,1.1307167
300,72,819,6.890433709680532,2.4997072
300,72,820,4.336407198412192,0.49259388
300,72,821,4.677906285966211,4.926919
300,72,822,8.639290689231125,9.838058
300,72,823,43.768438059518104,29.001873
300,72,824,86.02524448292311,102.89079
300,72,825,106.29399523232007,106.124565
300,72,826,117.12908287039497,113.40542
300,72,827,110.17267194907323,117.581955
300,72,828,111.24495354768891,111.95672
300,72,829,98.05378351576711,113.29028
300,72,830,122.87800298085006,101.177536
300,72,831,110.19861052904375,119.39137
300,72,832,132.63660208632086,108.318375
300,72,833,149.4902371647061,122.3213
300,72,834,144.74700073967236,129.27167
300,72,835,118.31165571074979,125.83712
300,72,836,71.95967674806452,109.450485
300,72,837,67.78996457406771,63.747723
300,72,838,25.82615915106504,55.34934
300,72,839,15.735405638791306,15.576138
300,72,840,15.294842557936182,7.610014
300,72,841,10.874154599170064,5.2883687
300,72,842,5.372695909355419,9.701641
300,72,843,5.288241949793007,7.002801
300,72,844,4.374651064246168,4.269913
300,72,845,7.022369885672561,4.3034735
300,72,846,14.08561008190915,10.999185
300,72,847,62.478084413152146,43.89942
300,72,848,131.44919048527868,108.33491
300,72,849,152.99259714570607,137.72743
300,72,850,149.20910349901953,142.28654
300,72,851,136.6442142606044,140.30713
300,72,852,159.83927253877303,134.71312
300,72,853,143.29342831102338,146.77797
300,72,854,128.02917940120085,138.62967
300,72,855,130.47963083736818,129.31934
300,72,856,131.81227775412847,129.52148
300,72,857,166.83803687446812,128.43701
300,72,858,152.61467905091988,142.85825
300,72,859,93.68364059838132,135.33673
300,72,860,102.68376273451622,94.03336
300,72,861,62.09778011376978,101.32976
300,72,862,39.954866694509334,53.91975
300,72,863,24.640262427469192,30.326271
300,72,864,11.913271197487717,13.647776
300,72,865,5.158953482612746,7.441351
300,72,866,8.93738243906578,5.216696
300,72,867,3.6136596892129877,3.5729785
300,72,868,2.0094794159857754,4.024658
300,72,869,7.212571813505685,4.6727424
300,72,870,12.186642375898256,5.7353725
300,72,871,18.059587433441877,33.831726
300,72,872,48.74991938549001,53.77336
300,72,873,91.54426983021273,95.72342
300,72,874,122.42454893092952,103.12896
300,72,875,139.06830268511428,119.016014
300,72,876,98.02955233560152,127.06867
300,72,877,94.17747389047338,97.1015
300,72,878,88.21892239061249,94.66028
300,72,879,72.94336431555628,87.17881
300,72,880,119.09836962738915,67.286285
300,72,881,106.92219390767539,107.815216
300,72,882,106.55556313720496,96.943634
300,72,883,106.17576364819416,96.45986
300,72,884,77.31937905214562,95.11468
300,72,885,55.77885998811705,65.34514
300,72,886,24.606380459524903,41.673393
300,72,887,24.337903481234346,14.602308
300,100,720,16.10292167828077,13.868028
300,100,721,12.117179987580212,6.665116
300,100,722,7.455788928861908,4.37022
300,100,723,3.008793816366507,2.371929
300,100,724,2.6948608295792322,0.7201351
300,100,725,4.659981320073661,2.8527074
300,100,726,3.8412461467171237,6.130968
300,100,727,10.117434734002787,6.5630803
300,100,728,30.9102407108492,34.96177
300,100,729,60.027062165733014,83.16997
300,100,730,81.68382281646434,106.407166
300,100,731,85.79099239811111,105.32803
300,100,732,81.60361128080723,98.31366
300,100,733,54.859697023900026,88.72582
300,100,734,77.67131581876687,59.72854
300,100,735,68.87026523631549,82.7946
300,100,736,65.95050941571746,75.25702
300,100,737,74.11777660523147,72.40172
300,100,738,64.46068607713846,80.240616
300,100,739,67.17866945257892,71.252625
300,100,740,64.43705277277921,74.17525
300,100,741,40.85701814529398,71.524414
300,100,742,23.351330822130986,34.868652
300,100,743,15.6822902538816,15.21118
300,100,744,10.67331843110258,7.8971376
300,100,745,5.295227921343972,5.709584
300,100,746,4.046383169212787,2.9569752
300,100,747,3.538074619258871,2.144625
300,100,748,2.86200035324648,4.083781
300,100,749,4.973968325325566,5.1717086
300,100,750,13.803104572110756,7.539406
300,100,751,48.82405206050172,54.875557
300,100,752,102.64515689385853,108.77291
300,100,753,118.70003664721133,121.11999
300,100,754,117.05324486382166,120.48284
300,100,755,116.66590909516083,114.8876
300,100,756,115.81208554681743,109.99043
300,100,757,101.16786307680117,107.91638
300,100,758,90.27965390917493,99.938934
300,100,759,125.27888614586223,92.693695
300,100,760,120.41984191805632,110.95081
300,100,761,159.500744773417,109.57861
300,100,762,141.47234934190635,123.49149
300,100,763,116.9616934014005,118.359924
300,100,764,88.09251885325064,108.45139
300,100,765,48.370242705978306,91.71654
300,100,766,23.950417738415396,49.775677
300,100,767,17.32066406489374,11.3075485
300,100,768,9.031440584726504,9.889076
300,100,769,9.447046184101348,6.0148196
300,100,770,5.347557066846501,5.2835846
300,100,771,2.810691206645175,3.0071273
300,100,772,3.5487714699608257,3.609007
300,100,773,4.253960888008773,5.9302473
300,100,774,20.62312840037908,7.837366
300,100,775,42.336546267134445,58.898575
300,100,776,110.31502127798738,87.89856
300,100,777,125.16067294600482,121.00246
300,100,778,121.18646726919472,121.25376
300,100,779,101.27996274329952,115.91418
300,100,780,113.116792754394,100.94217
300,100,781,115.88309476234512,106.177124
300,100,782,114.48361181046393,107.46896
300,100,783,95.49697332689394,106.755005
300,100,784,146.31239700162575,96.31843
300,100,785,172.10736109382773,119.10034
300,100,786,149.80997607136143,126.748695
300,100,787,138.7818888341942,121.11373
300,100,788,105.38420291408255,117.411
300,100,789,65.61422789851429,102.6376
300,100,790,34.8289792981203,72.731255
300,100,791,16.22743948615983,23.284351
300,100,792,9.177511142782219,9.285012
300,100,793,8.512044071707475,6.5056496
300,100,794,3.5065654810192135,5.484524
300,100,795,3.3892721821507505,2.6848295
300,100,796,3.7933859710263564,4.3541613
300,100,797,7.315776118505666,6.6505365
300,100,798,13.103213559746912,11.041916
300,100,799,41.91125992199,40.90336
300,100,800,88.71113912756302,94.835526
300,100,801,127.19572811531565,113.00513
300,100,802,126.53292922435139,122.636246
300,100,803,133.89542064498892,118.267914
300,100,804,104.1501748728795,117.566574
300,100,805,96.74206069449727,102.04344
300,100,806,98.28987516913314,96.75841
300,100,807,112.04164679280763,97.17436
300,100,808,147.06169843279523,104.57009
300,100,809,158.9547805516578,119.600426
300,100,810,166.25876611969326,123.571106
300,100,811,128.45566151944774,125.54061
300,100,812,90.92530419319752,113.452324
300,100,813,69.73975735938404,93.46132
300,100,814,25.092841626521878,75.956215
300,100,815,24.9423698485154,11.462179
300,100,816,9.625253645363557,15.367278
300,100,817,3.7711162415777677,5.562639
300,100,818,5.028194300697333,2.41865
300,100,819,6.890433709680532,2.8382123
300,100,820,4.336407198412192,5.7102494
300,100,821,4.677906285966211,6.3262186
300,100,822,8.639290689231125,8.064136
300,100,823,43.768438059518104,21.97344
300,100,824,86.02524448292311,97.722336
300,100,825,106.29399523232007,110.17146
300,100,826,117.12908287039497,112.74675
300,100,827,110.17267194907323,113.09172
300,100,828,111.24495354768891,105.42525
300,100,829,98.05378351576711,105.28544
300,100,830,122.87800298085006,97.80149
300,100,831,110.19861052904375,110.02462
300,100,832,132.63660208632086,104.50747
300,100,833,149.4902371647061,114.30944
300,100,834,144.74700073967236,120.45322
300,100,835,118.31165571074979,119.175674
300,100,836,71.95967674806452,108.942375
300,100,837,67.78996457406771,79.08221
300,100,838,25.82615915106504,73.86488
300,100,839,15.735405638791306,11.449029
300,100,840,15.294842557936182,9.084984
300,100,841,10.874154599170064,8.191935
300,100,842,5.372695909355419,5.5536203
300,100,843,5.288241949793007,2.6549668
300,100,844,4.374651064246168,2.7588532
300,100,845,7.022369885672561,4.763189
300,100,846,14.08561008190915,8.62141
300,100,847,62.478084413152146,41.535168
300,100,848,131.44919048527868,112.19027
300,100,849,152.99259714570607,130.34077
300,100,850,149.20910349901953,131.01807
300,100,851,136.6442142606044,126.491974
300,100,852,159.83927253877303,119.389114
300,100,853,143.29342831102338,124.985634
300,100,854,128.02917940120085,119.62473
300,100,855,130.47963083736818,113.441
300,100,856,131.81227775412847,114.162315
300,100,857,166.83803687446812,114.69537
300,100,858,152.61467905091988,125.84332
300,100,859,93.68364059838132,122.2495
300,100,860,102.68376273451622,95.59969
300,100,861,62.09778011376978,100.16749
300,100,862,39.954866694509334,68.13733
300,100,863,24.640262427469192,35.100697
300,100,864,11.913271197487717,14.454672
300,100,865,5.158953482612746,6.126112
300,100,866,8.93738243906578,3.317158
300,100,867,3.6136596892129877,4.627019
300,100,868,2.0094794159857754,2.9287271
300,100,869,7.212571813505685,4.3791404
300,100,870,12.186642375898256,9.91422
300,100,871,18.059587433441877,33.313152
300,100,872,48.74991938549001,56.7166
300,100,873,91.54426983021273,102.356544
300,100,874,122.42454893092952,115.653625
300,100,875,139.06830268511428,122.33831
300,100,876,98.02955233560152,123.956856
300,100,877,94.17747389047338,100.47548
300,100,878,88.21892239061249,96.06284
300,100,879,72.94336431555628,91.49593
300,100,880,119.09836962738915,79.176735
300,100,881,106.92219390767539,109.09612
300,100,882,106.55556313720496,103.90029
300,100,883,106.17576364819416,103.725624
300,100,884,77.31937905214562,103.61642
300,100,885,55.77885998811705,83.97866
300,100,886,24.606380459524903,60.93949
300,100,887,24.337903481234346,15.503418
